datetime,open,high,low,close,volume
2026-01-21T14:00:00+00:00,64.829,64.986,64.654,64.88,10485
2026-01-21T15:00:00+00:00,64.88,65.021,64.614,64.986,8327
2026-01-21T16:00:00+00:00,64.986,65.15,64.754,64.966,6439
2026-01-21T17:00:00+00:00,64.966,65.066,64.804,64.966,3898
2026-01-21T18:00:00+00:00,64.966,65.376,64.955,65.265,4582
2026-01-21T19:00:00+00:00,65.265,65.296,64.984,65.236,5313
2026-01-21T20:00:00+00:00,65.236,65.286,65.129,65.249,2280
2026-01-21T21:00:00+00:00,65.249,65.324,65.174,65.269,1357
2026-01-22T01:00:00+00:00,65.269,65.33999999999999,65.139,65.25999999999999,1995.130150068213
2026-01-22T02:00:00+00:00,65.25999999999999,65.321,65.139,65.301,1350
2026-01-22T03:00:00+00:00,65.301,65.34899999999999,65.259,65.306,1154
2026-01-22T04:00:00+00:00,65.306,65.351,65.279,65.31099999999999,609.3341389728097
2026-01-22T05:00:00+00:00,65.31099999999999,65.341,65.21499999999999,65.249,1270
2026-01-22T06:00:00+00:00,65.249,65.249,65.059,65.175,1884
2026-01-22T07:00:00+00:00,65.175,65.196,64.87899999999999,64.929,3026
2026-01-22T08:00:00+00:00,64.929,65.11099999999999,64.844,64.92099999999999,5204
2026-01-22T09:00:00+00:00,64.92099999999999,64.939,64.53999999999999,64.615,4058
2026-01-22T10:00:00+00:00,64.615,64.701,64.339,64.39999999999999,4681
2026-01-22T11:00:00+00:00,64.39999999999999,64.461,64.04599999999999,64.32,4276
2026-01-22T12:00:00+00:00,64.32,64.36099999999999,64.029,64.03,3598
2026-01-22T13:00:00+00:00,64.03,64.33999999999999,63.898999999999994,64.264,5006
2026-01-22T14:00:00+00:00,64.264,64.551,63.93899999999999,64.28399999999999,10695
2026-01-22T15:00:00+00:00,64.28399999999999,64.351,63.959,64.28099999999999,6170
2026-01-22T16:00:00+00:00,64.28099999999999,64.481,63.93899999999999,64.045,5714
2026-01-22T17:00:00+00:00,64.045,64.06099999999998,63.53899999999999,63.749999999999986,6669
2026-01-22T18:00:00+00:00,63.749999999999986,63.96099999999999,63.66899999999999,63.89999999999999,3348
2026-01-22T19:00:00+00:00,63.89999999999999,64.07099999999998,63.810999999999986,64.01899999999995,3363
2026-01-22T20:00:00+00:00,64.01899999999995,64.09099999999995,63.99399999999995,64.09099999999995,1133
2026-01-22T21:00:00+00:00,64.09099999999995,64.35499999999995,64.08399999999995,64.35499999999995,1134
2026-01-23T01:00:00+00:00,64.35499999999995,64.51099999999995,64.26399999999995,64.45999999999995,1843.0307125307127
2026-01-23T02:00:00+00:00,64.45999999999995,64.58599999999996,64.35899999999995,64.55099999999996,1268
2026-01-23T03:00:00+00:00,64.55099999999996,64.62999999999995,64.49999999999996,64.51899999999995,1016
2026-01-23T04:00:00+00:00,64.51899999999995,64.606,64.48999999999995,64.576,531
2026-01-23T05:00:00+00:00,64.576,64.616,64.416,64.505,1101
2026-01-23T06:00:00+00:00,64.505,64.686,64.44,64.666,1913
2026-01-23T07:00:00+00:00,64.666,64.666,64.264,64.335,2426
2026-01-23T08:00:00+00:00,64.335,64.806,64.321,64.6,5023
2026-01-23T09:00:00+00:00,64.6,64.761,64.534,64.676,3714
2026-01-23T10:00:00+00:00,64.676,65.026,64.659,64.93,2950
2026-01-23T11:00:00+00:00,64.93,65.146,64.874,65.091,2182
2026-01-23T12:00:00+00:00,65.091,65.266,65.064,65.174,2054
2026-01-23T13:00:00+00:00,65.174,65.776,65.105,65.725,5388
2026-01-23T14:00:00+00:00,65.725,65.956,65.569,65.856,8986
2026-01-23T15:00:00+00:00,65.856,65.906,65.539,65.564,5910
2026-01-23T16:00:00+00:00,65.564,65.956,65.475,65.884,4745
2026-01-23T17:00:00+00:00,65.884,66.016,65.564,65.954,3834
2026-01-23T18:00:00+00:00,65.954,66.036,65.734,65.864,2980
2026-01-23T19:00:00+00:00,65.864,66.026,65.719,65.866,4318
2026-01-23T20:00:00+00:00,65.866,66.006,65.839,65.954,1563
2026-01-23T21:00:00+00:00,65.954,66.206,65.954,66.176,1264
2026-01-26T01:00:00+00:00,66.176,66.278,65.861,65.97200000000001,3443.048710601719
2026-01-26T02:00:00+00:00,65.97200000000001,65.998,65.85600000000001,65.85600000000001,1920
2026-01-26T03:00:00+00:00,65.85600000000001,65.998,65.806,65.99300000000001,1111
2026-01-26T04:00:00+00:00,65.99300000000001,66.083,65.96600000000001,66.068,707
2026-01-26T05:00:00+00:00,66.068,66.188,65.906,66.116,1870
2026-01-26T06:00:00+00:00,66.116,66.613,66.056,66.446,5960
2026-01-26T07:00:00+00:00,66.446,66.453,65.78800000000001,65.808,4540
2026-01-26T08:00:00+00:00,65.808,66.123,65.637,66.11800000000001,7044
2026-01-26T09:00:00+00:00,66.11800000000001,66.24300000000001,65.73100000000001,66.028,4984
2026-01-26T10:00:00+00:00,66.028,66.168,65.876,66.16300000000001,3396
2026-01-26T11:00:00+00:00,66.16300000000001,66.34700000000001,65.986,66.086,2938
2026-01-26T12:00:00+00:00,66.086,66.13300000000001,65.806,65.83800000000001,3012
2026-01-26T13:00:00+00:00,65.83800000000001,65.94800000000001,65.486,65.66300000000001,5782
2026-01-26T14:00:00+00:00,65.66300000000001,65.818,65.416,65.45700000000001,8827
2026-01-26T15:00:00+00:00,65.45700000000001,65.986,65.396,65.577,6625
2026-01-26T16:00:00+00:00,65.577,65.86200000000001,65.391,65.796,5805
2026-01-26T17:00:00+00:00,65.796,66.00800000000001,65.70100000000001,65.941,3316
2026-01-26T18:00:00+00:00,65.941,65.952,65.556,65.638,4376
2026-01-26T19:00:00+00:00,65.638,65.72800000000001,65.506,65.623,3456
2026-01-26T20:00:00+00:00,65.623,65.858,65.36800000000001,65.798,3333
2026-01-26T21:00:00+00:00,65.798,65.882,65.647,65.813,1367
2026-01-27T01:00:00+00:00,65.813,65.813,65.167,65.201,3245.5440289505427
2026-01-27T02:00:00+00:00,65.201,65.337,65.172,65.268,1440
2026-01-27T03:00:00+00:00,65.268,65.268,65.166,65.18599999999999,976
2026-01-27T04:00:00+00:00,65.18599999999999,65.248,65.151,65.15599999999999,605
2026-01-27T05:00:00+00:00,65.15599999999999,65.398,65.116,65.356,1186
2026-01-27T06:00:00+00:00,65.356,65.488,65.271,65.457,2068
2026-01-27T07:00:00+00:00,65.457,65.478,65.206,65.301,2792
2026-01-27T08:00:00+00:00,65.301,65.41799999999999,65.066,65.362,4659
2026-01-27T09:00:00+00:00,65.362,65.628,65.236,65.598,3605
2026-01-27T10:00:00+00:00,65.598,65.998,65.576,65.908,3289
2026-01-27T11:00:00+00:00,65.908,65.938,65.54599999999999,65.597,3137
2026-01-27T12:00:00+00:00,65.597,65.693,65.40599999999999,65.642,2658
2026-01-27T13:00:00+00:00,65.642,66.843,65.597,66.80799999999999,8966
2026-01-27T14:00:00+00:00,66.80799999999999,66.828,65.961,66.291,10682
2026-01-27T15:00:00+00:00,66.291,66.738,66.127,66.728,6334
2026-01-27T16:00:00+00:00,66.728,67.008,66.657,66.963,6349
2026-01-27T17:00:00+00:00,66.963,67.318,66.926,67.238,4543
2026-01-27T18:00:00+00:00,67.238,67.393,67.096,67.127,3993
2026-01-27T19:00:00+00:00,67.127,67.843,67.127,67.346,5508
2026-01-27T20:00:00+00:00,67.346,67.818,67.337,67.768,2780
2026-01-27T21:00:00+00:00,67.768,67.768,67.54599999999999,67.751,2115
2026-01-28T01:00:00+00:00,67.751,67.813,67.472,67.586,2787.8045363575716
2026-01-28T02:00:00+00:00,67.586,67.893,67.548,67.827,1813
2026-01-28T03:00:00+00:00,67.827,68.023,67.81099999999999,67.873,1676
2026-01-28T04:00:00+00:00,67.873,67.988,67.822,67.961,922
2026-01-28T05:00:00+00:00,67.961,68.051,67.93599999999999,68.04299999999999,1080.3693643849717
2026-01-28T06:00:00+00:00,68.04299999999999,68.203,67.91199999999999,67.956,2349
2026-01-28T07:00:00+00:00,67.956,67.973,67.51599999999999,67.633,3307
2026-01-28T08:00:00+00:00,67.633,67.988,67.52799999999999,67.866,5233
2026-01-28T09:00:00+00:00,67.866,67.882,67.181,67.257,4959
2026-01-28T10:00:00+00:00,67.257,67.373,67.176,67.227,3063
2026-01-28T11:00:00+00:00,67.227,67.748,67.206,67.718,2848
2026-01-28T12:00:00+00:00,67.718,68.226,67.526,67.998,8324
2026-01-28T13:00:00+00:00,67.998,68.488,67.93599999999999,68.456,6345
2026-01-28T14:00:00+00:00,68.456,68.583,67.941,68.283,10643
2026-01-28T15:00:00+00:00,68.283,68.393,67.761,68.102,8250
2026-01-28T16:00:00+00:00,68.102,68.253,67.846,67.908,7396
2026-01-28T17:00:00+00:00,67.908,68.083,67.692,67.876,4719
2026-01-28T18:00:00+00:00,67.876,68.408,67.846,68.327,3758
2026-01-28T19:00:00+00:00,68.327,68.533,68.256,68.42699999999999,4585
2026-01-28T20:00:00+00:00,68.42699999999999,68.68299999999999,68.417,68.577,2314
2026-01-28T21:00:00+00:00,68.577,68.758,68.54599999999999,68.748,1746
2026-01-29T01:00:00+00:00,68.748,69.038,68.646,69.023,4571.076229508197
2026-01-29T02:00:00+00:00,69.023,69.253,68.831,69.22800000000001,2748
2026-01-29T03:00:00+00:00,69.22800000000001,69.337,69.141,69.303,2610
2026-01-29T04:00:00+00:00,69.303,69.593,69.276,69.536,1529
2026-01-29T05:00:00+00:00,69.536,69.542,69.23100000000001,69.34700000000001,2749
2026-01-29T06:00:00+00:00,69.34700000000001,69.777,69.23100000000001,69.482,4532
2026-01-29T07:00:00+00:00,69.482,69.693,69.256,69.291,4442
2026-01-29T08:00:00+00:00,69.291,69.888,69.261,69.873,5686
2026-01-29T09:00:00+00:00,69.873,70.396,69.581,70.137,6135
2026-01-29T10:00:00+00:00,70.137,70.163,69.558,69.983,6073
2026-01-29T11:00:00+00:00,69.983,70.223,69.632,70.007,4271
2026-01-29T12:00:00+00:00,70.007,70.132,69.87100000000001,69.962,4473
2026-01-29T13:00:00+00:00,69.962,70.933,69.891,70.776,9791
2026-01-29T14:00:00+00:00,70.776,71.943,70.732,71.60300000000001,18117
2026-01-29T15:00:00+00:00,71.60300000000001,71.653,70.071,70.812,19842
2026-01-29T16:00:00+00:00,70.812,71.181,70.151,70.563,15477
2026-01-29T17:00:00+00:00,70.563,71.051,70.396,70.85300000000001,11896
2026-01-29T18:00:00+00:00,70.85300000000001,70.921,70.172,70.561,7367
2026-01-29T19:00:00+00:00,70.561,71.00800000000001,70.46300000000001,70.756,7827
2026-01-29T20:00:00+00:00,70.756,71.358,70.726,70.848,4151
2026-01-29T21:00:00+00:00,70.848,70.94800000000001,70.586,70.938,2449
2026-01-30T01:00:00+00:00,70.938,70.938,68.903,69.02300000000001,9341.403195962994
2026-01-30T02:00:00+00:00,69.02300000000001,69.078,67.82300000000001,68.66600000000001,13043
2026-01-30T03:00:00+00:00,68.66600000000001,68.69600000000001,68.301,68.44800000000001,4928
2026-01-30T04:00:00+00:00,68.44800000000001,68.65100000000001,68.441,68.50200000000001,1922
2026-01-30T05:00:00+00:00,68.50200000000001,68.92800000000001,68.41600000000001,68.67200000000001,5038
2026-01-30T06:00:00+00:00,68.67200000000001,68.686,68.14200000000001,68.19800000000001,5271
2026-01-30T07:00:00+00:00,68.19800000000001,68.563,68.177,68.33300000000001,4659
2026-01-30T08:00:00+00:00,68.33300000000001,68.86300000000001,68.25200000000001,68.668,8211
2026-01-30T09:00:00+00:00,68.668,69.302,68.668,68.808,7652
2026-01-30T10:00:00+00:00,68.808,69.042,68.361,68.811,6154
2026-01-30T11:00:00+00:00,68.811,69.16300000000001,68.45100000000001,69.12100000000001,11409
2026-01-30T12:00:00+00:00,69.12100000000001,69.468,68.98100000000001,69.361,5871
2026-01-30T13:00:00+00:00,69.361,69.593,69.102,69.507,9208
2026-01-30T14:00:00+00:00,69.507,70.152,69.49300000000001,69.936,13809
2026-01-30T15:00:00+00:00,69.936,70.033,69.51100000000001,69.85100000000001,10148
2026-01-30T16:00:00+00:00,69.85100000000001,70.25300000000001,69.712,69.88300000000001,10332
2026-01-30T17:00:00+00:00,69.88300000000001,70.013,68.49100000000001,68.70100000000001,20650
2026-01-30T18:00:00+00:00,68.70100000000001,68.98200000000001,68.328,68.912,6589
2026-01-30T19:00:00+00:00,68.912,69.793,68.876,69.69200000000001,7570
2026-01-30T20:00:00+00:00,69.69200000000001,70.09200000000001,69.673,69.98700000000001,5083
2026-01-30T21:00:00+00:00,69.98700000000001,70.08800000000001,69.85600000000001,69.90100000000001,1935
2026-02-02T01:00:00+00:00,69.90100000000001,69.921,66.14200000000001,66.587,15279.658370183197
2026-02-02T02:00:00+00:00,66.587,66.673,65.821,65.946,8293
2026-02-02T03:00:00+00:00,65.946,66.162,65.781,65.808,6993
2026-02-02T04:00:00+00:00,65.808,65.843,65.631,65.691,2951
2026-02-02T05:00:00+00:00,65.691,65.703,64.93100000000001,65.116,7048
2026-02-02T06:00:00+00:00,65.116,65.381,64.941,65.162,6811
2026-02-02T07:00:00+00:00,65.162,65.783,65.152,65.462,8035
2026-02-02T08:00:00+00:00,65.462,65.962,65.21600000000001,65.218,11932
2026-02-02T09:00:00+00:00,65.218,65.77300000000001,64.991,65.742,10214
2026-02-02T10:00:00+00:00,65.742,65.902,65.37100000000001,65.537,6777
2026-02-02T11:00:00+00:00,65.537,65.622,65.196,65.45100000000001,4574
2026-02-02T12:00:00+00:00,65.45100000000001,65.85300000000001,65.45100000000001,65.703,5928
2026-02-02T13:00:00+00:00,65.703,65.703,65.111,65.658,12698
2026-02-02T14:00:00+00:00,65.658,66.03800000000001,65.461,65.543,16180
2026-02-02T15:00:00+00:00,65.543,66.07300000000001,65.351,65.503,17272
2026-02-02T16:00:00+00:00,65.503,65.873,65.33200000000001,65.613,13782
2026-02-02T17:00:00+00:00,65.613,65.646,65.351,65.473,6648
2026-02-02T18:00:00+00:00,65.473,65.80300000000001,65.26100000000001,65.447,4941
2026-02-02T19:00:00+00:00,65.447,65.852,65.271,65.69200000000001,5679
2026-02-02T20:00:00+00:00,65.69200000000001,65.903,65.65100000000001,65.878,2309
2026-02-02T21:00:00+00:00,65.878,65.973,65.78200000000001,65.95700000000001,1326
2026-02-03T01:00:00+00:00,65.95700000000001,66.071,65.73299999999999,65.942,4133.343897505058
2026-02-03T02:00:00+00:00,65.942,65.976,65.143,65.323,5291
2026-02-03T03:00:00+00:00,65.323,65.578,65.17099999999999,65.521,2580
2026-02-03T04:00:00+00:00,65.521,65.618,65.416,65.50699999999999,1207
2026-02-03T05:00:00+00:00,65.50699999999999,65.563,65.371,65.45599999999999,2042
2026-02-03T06:00:00+00:00,65.45599999999999,65.523,65.33099999999999,65.423,3850
2026-02-03T07:00:00+00:00,65.423,65.613,65.298,65.478,4428
2026-02-03T08:00:00+00:00,65.478,65.71799999999999,64.89099999999999,65.181,8244
2026-02-03T09:00:00+00:00,65.181,65.443,64.682,65.313,7717
2026-02-03T10:00:00+00:00,65.313,65.91799999999999,65.306,65.79599999999999,5045
2026-02-03T11:00:00+00:00,65.79599999999999,66.002,65.681,65.951,4724
2026-02-03T12:00:00+00:00,65.951,66.143,65.76299999999999,66.10199999999999,4280
2026-02-03T13:00:00+00:00,66.10199999999999,66.253,65.91199999999999,66.163,6864
2026-02-03T14:00:00+00:00,66.163,66.67699999999999,65.961,66.256,12514
2026-02-03T15:00:00+00:00,66.256,66.493,66.08099999999999,66.277,10924
2026-02-03T16:00:00+00:00,66.277,66.573,66.091,66.23299999999999,11383
2026-02-03T17:00:00+00:00,66.23299999999999,67.303,66.06099999999999,66.732,22073
2026-02-03T18:00:00+00:00,66.732,66.966,66.22099999999999,66.701,9810
2026-02-03T19:00:00+00:00,66.701,67.13799999999999,66.291,67.04599999999999,9136
2026-02-03T20:00:00+00:00,67.04599999999999,67.761,67.027,67.66199999999999,4986
2026-02-03T21:00:00+00:00,67.66199999999999,67.71799999999999,67.14099999999999,67.491,4212
2026-02-04T01:00:00+00:00,67.491,67.72099999999999,67.05099999999999,67.60699999999999,5240.946746330692
2026-02-04T02:00:00+00:00,67.60699999999999,67.69299999999998,67.103,67.192,3871
2026-02-04T03:00:00+00:00,67.192,67.40299999999999,67.10699999999999,67.35199999999999,2501
2026-02-04T04:00:00+00:00,67.35199999999999,67.398,67.28599999999999,67.332,805
2026-02-04T05:00:00+00:00,67.332,67.36699999999999,67.246,67.267,1816
2026-02-04T06:00:00+00:00,67.267,67.34799999999998,67.14099999999999,67.25299999999999,2479
2026-02-04T07:00:00+00:00,67.25299999999999,67.30799999999999,66.75099999999999,66.80799999999999,3798
2026-02-04T08:00:00+00:00,66.80799999999999,67.18799999999999,66.44599999999998,66.67599999999999,5441
2026-02-04T09:00:00+00:00,66.67599999999999,67.26799999999999,66.576,67.22699999999999,5219
2026-02-04T10:00:00+00:00,67.22699999999999,67.30699999999999,66.95599999999999,67.041,3786
2026-02-04T11:00:00+00:00,67.041,67.041,66.76599999999999,66.80699999999999,3294
2026-02-04T12:00:00+00:00,66.80699999999999,67.118,66.72599999999998,66.94299999999998,3717
2026-02-04T13:00:00+00:00,66.94299999999998,67.04799999999999,66.496,66.526,6681
2026-02-04T14:00:00+00:00,66.526,67.178,66.496,66.963,12987
2026-02-04T15:00:00+00:00,66.963,67.288,66.68699999999998,67.01199999999999,15784
2026-02-04T16:00:00+00:00,67.01199999999999,67.26799999999999,66.672,67.23799999999999,10394
2026-02-04T17:00:00+00:00,67.23799999999999,69.21799999999999,67.20599999999999,68.81199999999998,28764
2026-02-04T18:00:00+00:00,68.81199999999998,69.088,68.28599999999999,68.75099999999999,13392
2026-02-04T19:00:00+00:00,68.75099999999999,69.198,67.40799999999999,67.94699999999999,20985
2026-02-04T20:00:00+00:00,67.94699999999999,68.323,67.88099999999999,68.01599999999999,5067
2026-02-04T21:00:00+00:00,68.01599999999999,68.273,67.96099999999998,68.20599999999999,2367
2026-02-05T01:00:00+00:00,68.20599999999999,68.24799999999999,67.792,67.801,6121.972435303043
2026-02-05T02:00:00+00:00,67.801,67.833,67.29599999999999,67.398,8588
2026-02-05T03:00:00+00:00,67.398,67.713,67.191,67.563,5533
2026-02-05T04:00:00+00:00,67.563,67.612,67.386,67.51299999999999,1514
2026-02-05T05:00:00+00:00,67.51299999999999,67.613,67.326,67.437,3408
2026-02-05T06:00:00+00:00,67.437,67.698,67.411,67.586,3534
2026-02-05T07:00:00+00:00,67.586,67.868,67.521,67.761,3407
2026-02-05T08:00:00+00:00,67.761,68.003,67.701,67.877,5608
2026-02-05T09:00:00+00:00,67.877,68.163,67.696,67.95599999999999,5955
2026-02-05T10:00:00+00:00,67.95599999999999,68.18299999999999,67.871,67.907,4694
2026-02-05T11:00:00+00:00,67.907,68.328,67.83099999999999,68.313,4695
2026-02-05T12:00:00+00:00,68.313,68.42699999999999,67.371,67.588,6886
2026-02-05T13:00:00+00:00,67.588,67.773,67.002,67.11699999999999,10431
2026-02-05T14:00:00+00:00,67.11699999999999,67.393,66.707,67.292,19286
2026-02-05T15:00:00+00:00,67.292,67.326,66.411,66.77799999999999,17125
2026-02-05T16:00:00+00:00,66.77799999999999,67.313,66.491,67.283,13283
2026-02-05T17:00:00+00:00,67.283,67.567,67.072,67.31099999999999,7212
2026-02-05T18:00:00+00:00,67.31099999999999,67.41199999999999,67.041,67.112,4885
2026-02-05T19:00:00+00:00,67.112,67.213,66.682,66.953,5935
2026-02-05T20:00:00+00:00,66.953,67.198,66.911,67.032,2832
2026-02-05T21:00:00+00:00,67.032,67.063,66.762,66.88799999999999,1706
2026-02-06T01:00:00+00:00,66.88799999999999,66.88799999999999,66.342,66.776,5637.721831784176
2026-02-06T02:00:00+00:00,66.776,67.588,66.731,67.072,7365
2026-02-06T03:00:00+00:00,67.072,67.348,67.036,67.337,3112
2026-02-06T04:00:00+00:00,67.337,67.433,67.301,67.358,1285
2026-02-06T05:00:00+00:00,67.358,67.988,67.326,67.807,5343
2026-02-06T06:00:00+00:00,67.807,68.063,67.68599999999999,67.788,5249
2026-02-06T07:00:00+00:00,67.788,67.978,67.726,67.892,3981
2026-02-06T08:00:00+00:00,67.892,67.892,67.351,67.782,8810
2026-02-06T09:00:00+00:00,67.782,68.286,67.641,67.918,12033
2026-02-06T10:00:00+00:00,67.918,67.918,66.993,67.137,6302
2026-02-06T11:00:00+00:00,67.137,67.403,66.591,67.007,8125
2026-02-06T12:00:00+00:00,67.007,67.007,66.446,66.797,6408
2026-02-06T13:00:00+00:00,66.797,67.433,66.036,66.196,16708
2026-02-06T14:00:00+00:00,66.196,67.413,66.073,67.288,17112
2026-02-06T15:00:00+00:00,67.288,67.993,67.271,67.831,15410
2026-02-06T16:00:00+00:00,67.831,68.062,67.607,67.971,8687
2026-02-06T17:00:00+00:00,67.971,68.278,67.911,68.212,5295
2026-02-06T18:00:00+00:00,68.212,68.296,67.766,67.956,6290
2026-02-06T19:00:00+00:00,67.956,67.958,67.332,67.348,6511
2026-02-06T20:00:00+00:00,67.348,67.418,67.181,67.392,2791
2026-02-06T21:00:00+00:00,67.392,67.448,67.258,67.428,1327
2026-02-09T01:00:00+00:00,67.428,67.523,66.961,67.12599999999999,4431.980049875312
2026-02-09T02:00:00+00:00,67.12599999999999,67.208,66.756,66.866,2677
2026-02-09T03:00:00+00:00,66.866,66.973,66.79599999999999,66.883,1719
2026-02-09T04:00:00+00:00,66.883,66.928,66.78699999999999,66.851,892
2026-02-09T05:00:00+00:00,66.851,66.923,66.666,66.803,1759
2026-02-09T06:00:00+00:00,66.803,66.898,66.711,66.80199999999999,2623
2026-02-09T07:00:00+00:00,66.80199999999999,66.826,66.618,66.681,2652
2026-02-09T08:00:00+00:00,66.681,67.098,66.681,66.88199999999999,5799
2026-02-09T09:00:00+00:00,66.88199999999999,67.173,66.716,66.86699999999999,4043
2026-02-09T10:00:00+00:00,66.86699999999999,67.827,66.826,67.806,5583
2026-02-09T11:00:00+00:00,67.806,67.807,67.45599999999999,67.791,3485
2026-02-09T12:00:00+00:00,67.791,67.907,67.657,67.707,3249
2026-02-09T13:00:00+00:00,67.707,67.72699999999999,67.19099999999999,67.217,6953
2026-02-09T14:00:00+00:00,67.217,68.28699999999999,67.076,68.073,14527
2026-02-09T15:00:00+00:00,68.073,68.291,67.93599999999999,68.23299999999999,7502
2026-02-09T16:00:00+00:00,68.23299999999999,68.90299999999999,68.12599999999999,68.892,7585
2026-02-09T17:00:00+00:00,68.892,68.91799999999999,68.606,68.81599999999999,4441
2026-02-09T18:00:00+00:00,68.81599999999999,68.81599999999999,68.526,68.627,4148
2026-02-09T19:00:00+00:00,68.627,68.63799999999999,68.36099999999999,68.41199999999999,4069
2026-02-09T20:00:00+00:00,68.41199999999999,68.488,68.356,68.446,1406
2026-02-09T21:00:00+00:00,68.446,68.63799999999999,68.446,68.603,1196
2026-02-10T01:00:00+00:00,68.603,68.603,67.96799999999999,68.472,3826.161693268564
2026-02-10T02:00:00+00:00,68.472,68.536,68.36699999999999,68.472,2451
2026-02-10T03:00:00+00:00,68.472,68.502,68.276,68.371,1802
2026-02-10T04:00:00+00:00,68.371,68.448,68.336,68.38199999999999,1091
2026-02-10T05:00:00+00:00,68.38199999999999,68.458,68.276,68.29599999999999,1939
2026-02-10T06:00:00+00:00,68.29599999999999,68.666,68.277,68.588,3052
2026-02-10T07:00:00+00:00,68.588,68.66799999999999,68.401,68.521,3235
2026-02-10T08:00:00+00:00,68.521,68.85799999999999,68.306,68.847,6015
2026-02-10T09:00:00+00:00,68.847,68.898,68.327,68.35799999999999,5592
2026-02-10T10:00:00+00:00,68.35799999999999,68.698,68.226,68.592,4178
2026-02-10T11:00:00+00:00,68.592,68.91799999999999,68.54599999999999,68.856,2796
2026-02-10T12:00:00+00:00,68.856,68.85799999999999,68.518,68.72099999999999,3598
2026-02-10T13:00:00+00:00,68.72099999999999,68.95599999999999,68.636,68.83099999999999,5394
2026-02-10T14:00:00+00:00,68.83099999999999,68.948,68.461,68.826,8259
2026-02-10T15:00:00+00:00,68.826,68.948,68.438,68.50699999999999,8131
2026-02-10T16:00:00+00:00,68.50699999999999,68.508,68.076,68.253,9595
2026-02-10T17:00:00+00:00,68.253,68.607,68.15599999999999,68.362,4915
2026-02-10T18:00:00+00:00,68.362,68.383,67.957,68.146,7066
2026-02-10T19:00:00+00:00,68.146,68.49799999999999,68.098,68.416,4124
2026-02-10T20:00:00+00:00,68.416,68.71799999999999,68.30799999999999,68.577,3754
2026-02-10T21:00:00+00:00,68.577,68.612,68.407,68.49199999999999,1773
2026-02-11T01:00:00+00:00,68.49199999999999,68.678,68.472,68.632,2133.5130700778645
2026-02-11T02:00:00+00:00,68.632,68.916,68.603,68.817,2305
2026-02-11T03:00:00+00:00,68.817,68.848,68.736,68.793,1153
2026-02-11T04:00:00+00:00,68.793,68.798,68.68599999999999,68.696,677
2026-02-11T05:00:00+00:00,68.696,68.722,68.566,68.621,1700
2026-02-11T06:00:00+00:00,68.621,68.733,68.606,68.723,1518
2026-02-11T07:00:00+00:00,68.723,68.978,68.656,68.821,2107
2026-02-11T08:00:00+00:00,68.821,69.248,68.821,69.067,4128
2026-02-11T09:00:00+00:00,69.067,69.268,69.016,69.116,2895
2026-02-11T10:00:00+00:00,69.116,69.238,68.996,69.197,2595
2026-02-11T11:00:00+00:00,69.197,69.746,69.166,69.711,3241
2026-02-11T12:00:00+00:00,69.711,69.828,69.261,69.757,4855
2026-02-11T13:00:00+00:00,69.757,69.848,69.54599999999999,69.79599999999999,7921
2026-02-11T14:00:00+00:00,69.79599999999999,70.172,69.756,69.907,9778
2026-02-11T15:00:00+00:00,69.907,69.93299999999999,69.117,69.276,14166
2026-02-11T16:00:00+00:00,69.276,69.587,69.137,69.377,10079
2026-02-11T17:00:00+00:00,69.377,69.418,69.04599999999999,69.133,7153
2026-02-11T18:00:00+00:00,69.133,69.413,68.756,68.93599999999999,6532
2026-02-11T19:00:00+00:00,68.93599999999999,69.366,68.717,69.073,8395
2026-02-11T20:00:00+00:00,69.073,69.253,69.032,69.211,2092
2026-02-11T21:00:00+00:00,69.211,69.257,69.107,69.111,1079
2026-02-12T01:00:00+00:00,69.111,69.237,68.993,69.086,2181.2389947174643
2026-02-12T02:00:00+00:00,69.086,69.157,69.00699999999999,69.10699999999999,1456.2188612099644
2026-02-12T03:00:00+00:00,69.10699999999999,69.23799999999999,69.06199999999998,69.19899999999998,1270
2026-02-12T04:00:00+00:00,69.19899999999998,69.29899999999999,69.13699999999999,69.16399999999999,950.7511196417147
2026-02-12T05:00:00+00:00,69.16399999999999,69.17899999999999,68.88699999999999,69.09899999999999,1844
2026-02-12T06:00:00+00:00,69.09899999999999,69.118,68.817,69.01299999999999,2402
2026-02-12T07:00:00+00:00,69.01299999999999,69.09899999999999,68.94699999999999,69.05299999999998,2158
2026-02-12T08:00:00+00:00,69.05299999999998,69.249,68.88699999999999,69.17699999999999,4628
2026-02-12T09:00:00+00:00,69.17699999999999,69.23899999999999,68.51199999999999,68.63799999999999,5312
2026-02-12T10:00:00+00:00,68.63799999999999,68.69899999999998,68.30799999999999,68.588,3921
2026-02-12T11:00:00+00:00,68.588,68.80399999999999,68.44699999999999,68.62299999999999,3651
2026-02-12T12:00:00+00:00,68.62299999999999,68.749,68.47699999999999,68.55199999999999,3799
2026-02-12T13:00:00+00:00,68.55199999999999,68.72399999999999,68.11699999999999,68.383,7675
2026-02-12T14:00:00+00:00,68.383,68.529,68.073,68.157,9310
2026-02-12T15:00:00+00:00,68.157,68.32799999999999,67.707,67.79899999999999,9847
2026-02-12T16:00:00+00:00,67.79899999999999,67.829,66.832,66.90799999999999,15653
2026-02-12T17:00:00+00:00,66.90799999999999,67.118,66.669,66.76299999999999,11019
2026-02-12T18:00:00+00:00,66.76299999999999,66.919,66.719,66.79799999999999,6845
2026-02-12T19:00:00+00:00,66.79799999999999,67.219,66.53699999999999,67.08899999999998,6254
2026-02-12T20:00:00+00:00,67.08899999999998,67.10699999999999,66.96799999999999,67.05899999999998,2212
2026-02-12T21:00:00+00:00,67.05899999999998,67.109,66.96699999999998,67.04899999999999,1126
2026-02-13T01:00:00+00:00,67.04899999999999,67.164,66.88799999999999,67.002,4118.622691292876
2026-02-13T02:00:00+00:00,67.002,67.054,66.86699999999999,66.929,1918
2026-02-13T03:00:00+00:00,66.929,66.979,66.832,66.883,1431
2026-02-13T04:00:00+00:00,66.883,66.98899999999999,66.878,66.94399999999999,896
2026-02-13T05:00:00+00:00,66.94399999999999,66.964,66.777,66.798,2089
2026-02-13T06:00:00+00:00,66.798,67.05699999999999,66.782,67.01299999999999,2690
2026-02-13T07:00:00+00:00,67.01299999999999,67.02199999999999,66.827,66.857,2496
2026-02-13T08:00:00+00:00,66.857,67.20899999999999,66.693,67.067,5922
2026-02-13T09:00:00+00:00,67.067,67.359,66.89699999999999,67.27799999999999,4698
2026-02-13T10:00:00+00:00,67.27799999999999,67.46799999999999,67.077,67.35799999999999,4772
2026-02-13T11:00:00+00:00,67.35799999999999,67.35799999999999,66.35199999999999,66.633,9841
2026-02-13T12:00:00+00:00,66.633,66.829,66.512,66.774,5829
2026-02-13T13:00:00+00:00,66.774,67.244,66.74199999999999,67.167,6184
2026-02-13T14:00:00+00:00,67.167,67.167,66.57199999999999,66.972,14410
2026-02-13T15:00:00+00:00,66.972,67.274,66.83699999999999,67.012,12396
2026-02-13T16:00:00+00:00,67.012,67.249,66.734,66.96799999999999,9096
2026-02-13T17:00:00+00:00,66.96799999999999,67.51899999999999,66.93299999999999,67.414,6539
2026-02-13T18:00:00+00:00,67.414,67.484,67.25699999999999,67.288,4802
2026-02-13T19:00:00+00:00,67.288,67.329,66.997,67.00699999999999,5844
2026-02-13T20:00:00+00:00,67.00699999999999,67.088,66.699,67.062,3699
2026-02-13T21:00:00+00:00,67.062,67.189,67.05699999999999,67.157,847.7596899224807
2026-02-16T01:00:00+00:00,67.157,67.279,67.157,67.198,852.2575815738963
2026-02-16T02:00:00+00:00,67.198,67.304,67.092,67.232,990
2026-02-16T03:00:00+00:00,67.232,67.314,67.164,67.268,1192
2026-02-16T04:00:00+00:00,67.268,67.314,67.21199999999999,67.26899999999999,1665
2026-02-16T05:00:00+00:00,67.26899999999999,67.314,67.163,67.194,796
2026-02-16T06:00:00+00:00,67.194,67.314,67.16199999999999,67.24199999999999,1018
2026-02-16T07:00:00+00:00,67.24199999999999,67.279,67.092,67.118,1801
2026-02-16T08:00:00+00:00,67.118,67.158,66.803,66.872,2641
2026-02-16T09:00:00+00:00,66.872,67.199,66.832,66.874,3203
2026-02-16T10:00:00+00:00,66.874,67.414,66.848,67.324,3817
2026-02-16T11:00:00+00:00,67.324,67.42399999999999,67.208,67.25399999999999,2029
2026-02-16T12:00:00+00:00,67.25399999999999,67.47399999999999,67.192,67.38799999999999,2451
2026-02-16T13:00:00+00:00,67.38799999999999,67.503,67.307,67.393,1869
2026-02-16T14:00:00+00:00,67.393,67.87299999999999,67.303,67.764,3552
2026-02-16T15:00:00+00:00,67.764,67.92399999999999,67.52199999999999,67.87299999999999,2945
2026-02-16T16:00:00+00:00,67.87299999999999,68.054,67.77199999999999,67.853,3697
2026-02-16T17:00:00+00:00,67.853,68.194,67.803,68.184,2961
2026-02-16T18:00:00+00:00,68.184,68.234,68.08699999999999,68.128,1234
2026-02-16T19:00:00+00:00,68.128,68.154,68.017,68.097,964
2026-02-16T20:00:00+00:00,68.097,68.636,68.047,68.62,422
2026-02-16T21:00:00+00:00,68.62,68.641,68.564,68.597,347.5602355209595
2026-02-17T01:00:00+00:00,68.597,68.622,68.395,68.441,1672.3300733496333
2026-02-17T02:00:00+00:00,68.441,68.511,68.37,68.372,978
2026-02-17T03:00:00+00:00,68.372,68.432,68.311,68.367,994
2026-02-17T04:00:00+00:00,68.367,68.4,68.29,68.361,640
2026-02-17T05:00:00+00:00,68.361,68.371,68.21000000000001,68.231,1184
2026-02-17T06:00:00+00:00,68.231,68.262,68.18,68.211,1207
2026-02-17T07:00:00+00:00,68.211,68.242,68,68.08200000000001,1706
2026-02-17T08:00:00+00:00,68.08200000000001,68.162,67.86,67.982,3970
2026-02-17T09:00:00+00:00,67.982,68.172,67.86,68.135,3914
2026-02-17T10:00:00+00:00,68.135,68.511,68.05,68.491,4153
2026-02-17T11:00:00+00:00,68.491,69.051,68.456,68.751,6799
2026-02-17T12:00:00+00:00,68.751,68.862,68.47,68.537,4692
2026-02-17T13:00:00+00:00,68.537,68.605,67.26,67.382,15642
2026-02-17T14:00:00+00:00,67.382,67.932,67.295,67.44,16389
2026-02-17T15:00:00+00:00,67.44,67.83,66.831,66.98,13708
2026-02-17T16:00:00+00:00,66.98,67.46600000000001,66.94,67.346,9874
2026-02-17T17:00:00+00:00,67.346,67.352,66.911,67.17,6003
2026-02-17T18:00:00+00:00,67.17,67.531,67.131,67.452,4731
2026-02-17T19:00:00+00:00,67.452,67.592,67.26,67.337,5292
2026-02-17T20:00:00+00:00,67.337,67.512,67.31,67.365,2364
2026-02-17T21:00:00+00:00,67.365,67.467,67.28,67.406,1401
2026-02-18T01:00:00+00:00,67.406,67.512,67.39,67.46700000000001,1110.3196378830085
2026-02-18T02:00:00+00:00,67.46700000000001,67.58200000000001,67.43700000000001,67.497,806
2026-02-18T03:00:00+00:00,67.497,67.661,67.491,67.631,651
2026-02-18T04:00:00+00:00,67.631,67.72200000000001,67.61,67.71700000000001,711
2026-02-18T05:00:00+00:00,67.71700000000001,67.72200000000001,67.56,67.561,729
2026-02-18T06:00:00+00:00,67.561,67.742,67.491,67.561,1225
2026-02-18T07:00:00+00:00,67.561,67.682,67.53500000000001,67.635,2122
2026-02-18T08:00:00+00:00,67.635,67.89200000000001,67.561,67.57100000000001,3873
2026-02-18T09:00:00+00:00,67.57100000000001,67.80000000000001,67.54,67.64,3528
2026-02-18T10:00:00+00:00,67.64,68.301,67.64,68.23200000000001,5106
2026-02-18T11:00:00+00:00,68.23200000000001,68.872,68.19000000000001,68.872,4883
2026-02-18T12:00:00+00:00,68.872,69.382,68.671,69.28200000000001,6589
2026-02-18T13:00:00+00:00,69.28200000000001,69.361,68.971,69.051,5829
2026-02-18T14:00:00+00:00,69.051,69.712,68.911,69.516,8887
2026-02-18T15:00:00+00:00,69.516,69.561,69.29100000000001,69.456,7150
2026-02-18T16:00:00+00:00,69.456,69.89200000000001,69.37,69.801,7095
2026-02-18T17:00:00+00:00,69.801,70.302,69.68,70.26,5152
2026-02-18T18:00:00+00:00,70.26,70.39200000000001,69.831,70.346,8202
2026-02-18T19:00:00+00:00,70.346,70.59200000000001,70.09,70.322,7940
2026-02-18T20:00:00+00:00,70.322,70.70200000000001,70.30000000000001,70.516,3906
2026-02-18T21:00:00+00:00,70.516,70.58200000000001,70.07000000000001,70.25200000000001,5059
2026-02-19T01:00:00+00:00,70.25200000000001,70.44200000000001,70.19500000000001,70.436,1725.9336928009327
2026-02-19T02:00:00+00:00,70.436,70.572,70.39500000000001,70.551,1481
2026-02-19T03:00:00+00:00,70.551,70.671,70.52000000000001,70.61500000000001,1246
2026-02-19T04:00:00+00:00,70.61500000000001,70.67200000000001,70.41000000000001,70.46700000000001,1263
2026-02-19T05:00:00+00:00,70.46700000000001,70.602,70.46000000000001,70.497,1104
2026-02-19T06:00:00+00:00,70.497,70.58200000000001,70.43,70.50500000000001,1207
2026-02-19T07:00:00+00:00,70.50500000000001,71.122,70.49000000000001,71.09100000000001,4152
2026-02-19T08:00:00+00:00,71.09100000000001,71.602,70.921,71.54100000000001,7270
2026-02-19T09:00:00+00:00,71.54100000000001,71.61200000000001,70.97600000000001,71.08200000000001,8206
2026-02-19T10:00:00+00:00,71.08200000000001,71.39,70.971,71.25500000000001,5657
2026-02-19T11:00:00+00:00,71.25500000000001,71.61200000000001,71.10000000000001,71.331,5222
2026-02-19T12:00:00+00:00,71.331,71.48200000000001,71.245,71.36500000000001,4110
2026-02-19T13:00:00+00:00,71.36500000000001,71.872,71.26100000000001,71.715,7784
2026-02-19T14:00:00+00:00,71.715,71.872,71.271,71.68700000000001,11799
2026-02-19T15:00:00+00:00,71.68700000000001,71.73200000000001,70.64,71.676,18997
2026-02-19T16:00:00+00:00,71.676,71.912,71.48,71.852,9522
2026-02-19T17:00:00+00:00,71.852,72.027,71.62,71.811,8238
2026-02-19T18:00:00+00:00,71.811,71.852,71.48,71.79,5792
2026-02-19T19:00:00+00:00,71.79,71.861,71.61,71.852,5247
2026-02-19T20:00:00+00:00,71.852,71.97200000000001,71.79,71.96100000000001,1954
2026-02-19T21:00:00+00:00,71.96100000000001,72.131,71.17,71.96000000000001,6382
2026-02-20T01:00:00+00:00,71.96000000000001,72.00099999999999,71.595,71.837,2151.8123209169053
2026-02-20T02:00:00+00:00,71.837,72.131,71.765,71.845,2111
2026-02-20T03:00:00+00:00,71.845,71.991,71.735,71.89999999999999,1218
2026-02-20T04:00:00+00:00,71.89999999999999,72.00699999999999,71.895,71.996,831
2026-02-20T05:00:00+00:00,71.996,72.192,71.965,72.11999999999999,1190
2026-02-20T06:00:00+00:00,72.11999999999999,72.347,72,72.026,2156
2026-02-20T07:00:00+00:00,72.026,72.057,71.585,71.612,3256
2026-02-20T08:00:00+00:00,71.612,71.737,71.366,71.455,5793
2026-02-20T09:00:00+00:00,71.455,71.887,71.116,71.277,5761
2026-02-20T10:00:00+00:00,71.277,71.41199999999999,71.115,71.247,5312
2026-02-20T11:00:00+00:00,71.247,71.67699999999999,71.062,71.261,5255
2026-02-20T12:00:00+00:00,71.261,71.497,71.21,71.43599999999999,4963
2026-02-20T13:00:00+00:00,71.43599999999999,71.527,71.28999999999999,71.50699999999999,4623
2026-02-20T14:00:00+00:00,71.50699999999999,71.722,71.115,71.5,10660
2026-02-20T15:00:00+00:00,71.5,71.89699999999999,71.1,71.217,15518
2026-02-20T16:00:00+00:00,71.217,71.616,71.085,71.47999999999999,9060
2026-02-20T17:00:00+00:00,71.47999999999999,71.812,71.42999999999999,71.74199999999999,5792
2026-02-20T18:00:00+00:00,71.74199999999999,72.00699999999999,71.58,71.896,7511
2026-02-20T19:00:00+00:00,71.896,71.905,71.556,71.78,6446
2026-02-20T20:00:00+00:00,71.78,71.822,71.55499999999999,71.707,2251
2026-02-20T21:00:00+00:00,71.707,71.75699999999999,71.6,71.69,1100
2026-02-23T01:00:00+00:00,71.69,71.69,70.78599999999999,71.09999999999998,2030.2089009990918
2026-02-23T02:00:00+00:00,71.09999999999998,71.26699999999998,71.08999999999999,71.09999999999998,1516
2026-02-23T03:00:00+00:00,71.09999999999998,71.11599999999999,70.87999999999998,70.89499999999998,1223
2026-02-23T04:00:00+00:00,70.89499999999998,70.95599999999999,70.69499999999998,70.77699999999999,1062
2026-02-23T05:00:00+00:00,70.77699999999999,71.02699999999999,70.74999999999999,70.95499999999998,993
2026-02-23T06:00:00+00:00,70.95499999999998,71.03699999999998,70.84599999999999,70.87999999999998,1164
2026-02-23T07:00:00+00:00,70.87999999999998,71.01199999999999,70.70499999999998,70.83599999999998,2167
2026-02-23T08:00:00+00:00,70.83599999999998,71.14699999999999,70.75599999999999,71.08999999999999,5031
2026-02-23T09:00:00+00:00,71.08999999999999,71.50699999999999,70.97499999999998,71.42499999999998,3650
2026-02-23T10:00:00+00:00,71.42499999999998,71.42699999999998,71.17599999999999,71.25999999999999,3395
2026-02-23T11:00:00+00:00,71.25999999999999,71.67699999999998,71.18499999999999,71.64099999999999,3079
2026-02-23T12:00:00+00:00,71.64099999999999,71.92699999999998,71.61599999999999,71.91099999999999,3021
2026-02-23T13:00:00+00:00,71.91099999999999,72.08699999999999,71.68499999999999,72.03999999999998,4001
2026-02-23T14:00:00+00:00,72.03999999999998,72.34699999999998,71.85499999999999,72.14199999999998,8280
2026-02-23T15:00:00+00:00,72.14199999999998,72.42599999999999,71.96499999999999,71.99499999999999,6988
2026-02-23T16:00:00+00:00,71.99499999999999,72.32699999999998,71.40999999999998,71.53099999999998,10537
2026-02-23T17:00:00+00:00,71.53099999999998,71.59499999999998,71.21999999999998,71.33499999999998,4755
2026-02-23T18:00:00+00:00,71.33499999999998,71.46199999999999,71.21999999999998,71.32599999999998,3643
2026-02-23T19:00:00+00:00,71.32599999999998,71.50199999999998,71.23599999999999,71.44999999999999,4133
2026-02-23T20:00:00+00:00,71.44999999999999,71.60699999999999,71.44999999999999,71.54999999999998,1748
2026-02-23T21:00:00+00:00,71.54999999999998,71.62699999999998,71.35599999999998,71.40099999999998,1452
2026-02-24T01:00:00+00:00,71.40099999999998,71.62199999999999,71.21499999999999,71.59499999999998,5947.575268817204
2026-02-24T02:00:00+00:00,71.59499999999998,71.98099999999998,71.54999999999998,71.96199999999999,3095
2026-02-24T03:00:00+00:00,71.96199999999999,72.10699999999999,71.92699999999999,72.05199999999999,2077
2026-02-24T04:00:00+00:00,72.05199999999999,72.08099999999999,71.93699999999998,71.94099999999999,740
2026-02-24T05:00:00+00:00,71.94099999999999,72.12699999999998,71.74499999999999,71.98999999999998,2113
2026-02-24T06:00:00+00:00,71.98999999999998,72.00699999999999,71.78999999999999,71.94099999999999,2456
2026-02-24T07:00:00+00:00,71.94099999999999,71.96699999999998,71.59499999999998,71.68699999999998,2205
2026-02-24T08:00:00+00:00,71.68699999999998,71.73699999999998,71.35699999999999,71.65999999999998,5043
2026-02-24T09:00:00+00:00,71.65999999999998,71.68699999999998,71.39999999999999,71.63099999999999,3864
2026-02-24T10:00:00+00:00,71.63099999999999,71.67199999999998,71.21499999999999,71.29499999999999,4110
2026-02-24T11:00:00+00:00,71.29499999999999,71.44699999999999,71.17499999999998,71.39199999999998,2536
2026-02-24T12:00:00+00:00,71.39199999999998,71.65699999999998,71.28499999999998,71.63099999999999,3534
2026-02-24T13:00:00+00:00,71.63099999999999,72.21199999999999,71.62499999999999,71.96199999999999,5957
2026-02-24T14:00:00+00:00,71.96199999999999,71.96699999999998,71.50499999999998,71.65999999999998,8298
2026-02-24T15:00:00+00:00,71.65999999999998,71.82699999999998,70.75499999999998,70.99099999999999,16167
2026-02-24T16:00:00+00:00,70.99099999999999,71.34699999999998,70.89099999999999,71.04499999999999,7697
2026-02-24T17:00:00+00:00,71.04499999999999,71.39699999999999,70.82499999999999,70.95199999999998,5429
2026-02-24T18:00:00+00:00,70.95199999999998,71.16199999999999,70.90999999999998,71.09599999999999,3627
2026-02-24T19:00:00+00:00,71.09599999999999,71.10499999999999,70.67499999999998,71.00699999999999,4475
2026-02-24T20:00:00+00:00,71.00699999999999,71.59199999999998,70.90099999999998,71.42199999999998,4243
2026-02-24T21:00:00+00:00,71.42199999999998,71.45199999999998,71.07999999999998,71.22599999999998,2084
2026-02-25T01:00:00+00:00,71.22599999999998,71.45199999999997,71.09599999999998,71.21099999999997,3053.46909728992
2026-02-25T02:00:00+00:00,71.21099999999997,71.50199999999998,71.20999999999998,71.46199999999997,2664
2026-02-25T03:00:00+00:00,71.46199999999997,71.74999999999997,71.13099999999997,71.16099999999997,3384
2026-02-25T04:00:00+00:00,71.16099999999997,71.30199999999998,71.11999999999998,71.15999999999998,1116
2026-02-25T05:00:00+00:00,71.15999999999998,71.25899999999999,71.11499999999998,71.18299999999999,1536.5887377412212
2026-02-25T06:00:00+00:00,71.18299999999999,71.18299999999999,70.85199999999999,71.09299999999999,2717
2026-02-25T07:00:00+00:00,71.09299999999999,71.29399999999998,70.92199999999998,70.98699999999998,2501
2026-02-25T08:00:00+00:00,70.98699999999998,71.21399999999998,70.79899999999999,71.11199999999998,5226
2026-02-25T09:00:00+00:00,71.11199999999998,71.189,70.58699999999999,70.80299999999998,4658
2026-02-25T10:00:00+00:00,70.80299999999998,71.21399999999998,70.77299999999998,71.12199999999999,4008
2026-02-25T11:00:00+00:00,71.12199999999999,71.21299999999998,71.02199999999999,71.07199999999999,2988
2026-02-25T12:00:00+00:00,71.07199999999999,71.51699999999998,71.02699999999999,71.40399999999998,4996
2026-02-25T13:00:00+00:00,71.40399999999998,71.48699999999998,71.04699999999998,71.06699999999998,5258
2026-02-25T14:00:00+00:00,71.06699999999998,71.16699999999999,70.55199999999999,70.58399999999999,9099
2026-02-25T15:00:00+00:00,70.58399999999999,70.96399999999998,70.55199999999999,70.70699999999998,9416
2026-02-25T16:00:00+00:00,70.70699999999998,70.84699999999998,70.40199999999999,70.76399999999998,8449
2026-02-25T17:00:00+00:00,70.76399999999998,70.97399999999999,70.65699999999998,70.94199999999998,4269
2026-02-25T18:00:00+00:00,70.94199999999998,71.21399999999998,70.89799999999998,70.97299999999998,3939
2026-02-25T19:00:00+00:00,70.97299999999998,71.13699999999999,70.72799999999998,71.11299999999999,4845
2026-02-25T20:00:00+00:00,71.11299999999999,71.14699999999999,70.84699999999998,70.90199999999999,2057
2026-02-25T21:00:00+00:00,70.90199999999999,71.04299999999999,70.88199999999999,71.03399999999999,1522
2026-02-26T01:00:00+00:00,71.03399999999999,71.199,70.978,71.068,2577.410290678249
2026-02-26T02:00:00+00:00,71.068,71.119,70.78699999999999,70.907,2681
2026-02-26T03:00:00+00:00,70.907,71.059,70.89699999999999,70.951,1343.23238512035
2026-02-26T04:00:00+00:00,70.951,71.061,70.945,71.02,585
2026-02-26T05:00:00+00:00,71.02,71.105,70.925,70.99,1473
2026-02-26T06:00:00+00:00,70.99,71.021,70.879,70.951,1815
2026-02-26T07:00:00+00:00,70.951,71.061,70.785,70.886,2075
2026-02-26T08:00:00+00:00,70.886,71.116,70.819,70.86,4472
2026-02-26T09:00:00+00:00,70.86,70.864,70.134,70.48,6177
2026-02-26T10:00:00+00:00,70.48,70.491,69.569,69.819,7227
2026-02-26T11:00:00+00:00,69.819,70.125,69.754,69.82999999999998,3488
2026-02-26T12:00:00+00:00,69.82999999999998,69.984,69.42799999999998,69.67799999999998,5171
2026-02-26T13:00:00+00:00,69.67799999999998,69.999,69.10999999999999,69.91,10170
2026-02-26T14:00:00+00:00,69.91,70.30999999999999,69.67099999999999,70.30999999999999,10049
2026-02-26T15:00:00+00:00,70.30999999999999,72.18899999999998,70.30399999999999,72.15299999999998,18792
2026-02-26T16:00:00+00:00,72.15299999999998,72.55799999999996,71.61699999999998,72.16299999999997,14519
2026-02-26T17:00:00+00:00,72.16299999999997,72.25799999999997,71.80099999999997,72.05599999999997,5928
2026-02-26T18:00:00+00:00,72.05599999999997,72.19699999999997,70.39599999999997,71.23799999999997,13175
2026-02-26T19:00:00+00:00,71.23799999999997,71.32799999999997,70.47599999999997,70.85099999999997,2694.245863648612
2026-02-26T20:00:00+00:00,70.85099999999997,70.97299999999997,70.68099999999997,70.87799999999997,1319
2026-02-26T21:00:00+00:00,70.87799999999997,71.02799999999996,70.74699999999997,70.84599999999996,2115
2026-02-27T01:00:00+00:00,70.84599999999996,70.88599999999995,70.40199999999996,70.65799999999996,3621.773200410497
2026-02-27T02:00:00+00:00,70.65799999999996,70.67799999999995,70.50599999999996,70.60699999999996,2321
2026-02-27T03:00:00+00:00,70.60699999999996,70.87299999999995,70.59099999999995,70.86699999999995,1710
2026-02-27T04:00:00+00:00,70.86699999999995,70.98799999999996,70.80099999999996,70.89599999999996,1036
2026-02-27T05:00:00+00:00,70.89599999999996,71.25699999999995,70.89599999999996,71.13699999999996,2600
2026-02-27T06:00:00+00:00,71.13699999999996,71.33899999999997,71.06699999999996,71.30799999999996,2403
2026-02-27T07:00:00+00:00,71.30799999999996,71.39399999999996,71.23199999999996,71.34899999999996,2610
2026-02-27T08:00:00+00:00,71.34899999999996,71.64899999999996,71.14699999999996,71.32399999999997,5819
2026-02-27T09:00:00+00:00,71.32399999999997,72.10799999999996,71.25699999999996,72.08799999999997,6054
2026-02-27T10:00:00+00:00,72.08799999999997,72.29899999999996,71.73699999999997,72.24699999999996,6495
2026-02-27T11:00:00+00:00,72.24699999999996,72.59899999999996,72.15799999999996,72.53899999999996,5252
2026-02-27T12:00:00+00:00,72.53899999999996,72.77899999999997,72.43699999999997,72.77399999999996,5136
2026-02-27T13:00:00+00:00,72.77399999999996,73.50899999999996,72.75799999999997,73.46399999999997,13300
2026-02-27T14:00:00+00:00,73.46399999999997,73.55899999999997,72.65699999999997,72.69799999999996,16610
2026-02-27T15:00:00+00:00,72.69799999999996,72.88899999999997,72.35899999999997,72.67299999999996,12434
2026-02-27T16:00:00+00:00,72.67299999999996,72.67299999999996,72.21299999999997,72.31799999999997,9584
2026-02-27T17:00:00+00:00,72.31799999999997,72.58899999999997,71.92799999999997,72.56199999999997,11931
2026-02-27T18:00:00+00:00,72.56199999999997,72.92899999999996,72.46899999999997,72.91299999999997,6281
2026-02-27T19:00:00+00:00,72.91299999999997,73.07899999999997,72.73799999999996,72.92299999999996,6505
2026-02-27T20:00:00+00:00,72.92299999999996,73.29899999999996,72.89199999999997,73.17199999999997,4642
2026-02-27T21:00:00+00:00,73.17199999999997,73.30899999999997,72.83199999999997,73.29399999999997,2992
2026-03-02T01:00:00+00:00,73.29399999999997,78.15299999999996,73.12799999999997,76.09399999999997,24070.226517359515
2026-03-02T02:00:00+00:00,76.09399999999997,76.57399999999997,75.82299999999996,76.22799999999997,12624
2026-03-02T03:00:00+00:00,76.22799999999997,77.34299999999998,76.17199999999997,76.97299999999997,7169
2026-03-02T04:00:00+00:00,76.97299999999997,77.64799999999997,76.75699999999996,77.49899999999997,7306
2026-03-02T05:00:00+00:00,77.49899999999997,77.99399999999997,77.19899999999997,77.99199999999996,8167
2026-03-02T06:00:00+00:00,77.99199999999996,78.87399999999997,77.97199999999997,78.49699999999997,12508
2026-03-02T07:00:00+00:00,78.49699999999997,80.06299999999997,78.48899999999998,79.97699999999998,27852
2026-03-02T08:00:00+00:00,79.97699999999998,80.16399999999997,78.61299999999997,79.15799999999997,25676
2026-03-02T09:00:00+00:00,79.15799999999997,79.15799999999997,78.40399999999997,78.95799999999997,22704
2026-03-02T10:00:00+00:00,78.95799999999997,78.99399999999997,77.76699999999997,78.35299999999997,19326
2026-03-02T11:00:00+00:00,78.35299999999997,78.65399999999997,77.38699999999997,78.31699999999996,14963
2026-03-02T12:00:00+00:00,78.31699999999996,79.46299999999997,78.29199999999997,79.31799999999997,16293
2026-03-02T13:00:00+00:00,79.31799999999997,79.41799999999996,78.49699999999997,79.19299999999997,22885
2026-03-02T14:00:00+00:00,79.19299999999997,79.31399999999996,77.98199999999997,78.18799999999997,22515
2026-03-02T15:00:00+00:00,78.18799999999997,78.79399999999997,78.05699999999997,78.14399999999996,18878
2026-03-02T16:00:00+00:00,78.14399999999996,78.20399999999997,76.63199999999996,77.37899999999996,26127
2026-03-02T17:00:00+00:00,77.37899999999996,77.39899999999997,76.65299999999996,77.03199999999997,15780
2026-03-02T18:00:00+00:00,77.03199999999997,77.68199999999997,76.71199999999997,77.64299999999997,11902
2026-03-02T19:00:00+00:00,77.64299999999997,77.76799999999997,77.21199999999997,77.37299999999996,11976
2026-03-02T20:00:00+00:00,77.37299999999996,79.48699999999997,77.37299999999996,78.37699999999997,22634
2026-03-02T21:00:00+00:00,78.37699999999997,78.56899999999997,77.57799999999997,77.64199999999997,10180
2026-03-03T01:00:00+00:00,77.64199999999997,78.89199999999997,77.59199999999997,78.47199999999997,10052.30206076765
2026-03-03T02:00:00+00:00,78.47199999999997,79.26899999999996,78.22699999999996,79.21699999999996,7521
2026-03-03T03:00:00+00:00,79.21699999999996,79.55399999999996,79.16799999999996,79.31699999999996,5940
2026-03-03T04:00:00+00:00,79.31699999999996,79.69399999999996,79.11399999999996,79.59899999999996,3790
2026-03-03T05:00:00+00:00,79.59899999999996,80.30899999999997,79.44699999999996,79.87299999999996,8448
2026-03-03T06:00:00+00:00,79.87299999999996,80.15299999999996,79.23399999999997,80.10899999999997,8876
2026-03-03T07:00:00+00:00,80.10899999999997,81.12399999999997,79.90699999999997,80.79699999999997,16622
2026-03-03T08:00:00+00:00,80.79699999999997,81.19299999999997,80.20199999999996,81.02199999999996,21499
2026-03-03T09:00:00+00:00,81.02199999999996,82.20399999999997,80.90699999999997,81.82699999999996,22283
2026-03-03T10:00:00+00:00,81.82699999999996,84.14299999999996,81.46799999999996,83.49299999999997,28128
2026-03-03T11:00:00+00:00,83.49299999999997,84.95899999999996,82.92299999999996,84.39899999999996,32605
2026-03-03T12:00:00+00:00,84.39899999999996,84.72899999999996,82.47699999999996,82.82699999999996,35796
2026-03-03T13:00:00+00:00,82.82699999999996,83.74899999999997,82.18399999999997,83.41299999999997,33934
2026-03-03T14:00:00+00:00,83.41299999999997,84.73899999999996,83.17799999999997,83.30699999999996,32406
2026-03-03T15:00:00+00:00,83.30699999999996,84.03399999999996,83.10199999999996,83.56399999999996,21091
2026-03-03T16:00:00+00:00,83.56399999999996,83.91799999999996,81.18799999999996,82.75799999999997,31403
2026-03-03T17:00:00+00:00,82.75799999999997,83.22399999999996,81.88299999999997,82.23199999999996,21789
2026-03-03T18:00:00+00:00,82.23199999999996,82.26399999999997,80.23299999999996,81.23799999999996,24105
2026-03-03T19:00:00+00:00,81.23799999999996,81.54799999999996,78.27699999999996,80.27799999999996,35194
2026-03-03T20:00:00+00:00,80.27799999999996,81.04299999999996,79.86199999999997,80.96399999999996,14109
2026-03-03T21:00:00+00:00,80.96399999999996,82.14399999999996,80.90699999999997,81.76199999999996,12205
2026-03-04T01:00:00+00:00,81.76199999999996,82.51299999999996,81.04699999999997,81.70699999999997,24032.651734158586
2026-03-04T02:00:00+00:00,81.70699999999997,82.40799999999996,81.51099999999997,81.87599999999996,13923
2026-03-04T03:00:00+00:00,81.87599999999996,82.22799999999997,81.53599999999996,82.12799999999996,9465
2026-03-04T04:00:00+00:00,82.12799999999996,82.53299999999996,81.97699999999996,82.45699999999997,4377
2026-03-04T05:00:00+00:00,82.45699999999997,83.35799999999996,82.21099999999997,82.85599999999997,11466
2026-03-04T06:00:00+00:00,82.85599999999997,83.85799999999996,82.68099999999997,83.84599999999996,11978
2026-03-04T07:00:00+00:00,83.84599999999996,83.99799999999996,83.28699999999996,83.45299999999996,14944
2026-03-04T08:00:00+00:00,83.45299999999996,84.22799999999997,82.95299999999996,83.70799999999997,21648
2026-03-04T09:00:00+00:00,83.70799999999997,83.96299999999997,82.54099999999997,83.74699999999996,18384
2026-03-04T10:00:00+00:00,83.74699999999996,83.75699999999996,81.89699999999996,82.32799999999996,29261
2026-03-04T11:00:00+00:00,82.32799999999996,82.89299999999996,81.66699999999996,82.24599999999997,17662
2026-03-04T12:00:00+00:00,82.24599999999997,82.60199999999996,81.39599999999996,81.62199999999996,21059
2026-03-04T13:00:00+00:00,81.62199999999996,81.64599999999996,80.05799999999996,80.76799999999996,32623
2026-03-04T14:00:00+00:00,80.76799999999996,82.06699999999996,80.36599999999996,81.13699999999996,27529
2026-03-04T15:00:00+00:00,81.13699999999996,81.31599999999996,80.28699999999996,80.72699999999996,23684
2026-03-04T16:00:00+00:00,80.72699999999996,81.35599999999997,80.38799999999996,80.89299999999996,20150
2026-03-04T17:00:00+00:00,80.89299999999996,81.62299999999996,80.78199999999997,81.44599999999997,17606
2026-03-04T18:00:00+00:00,81.44599999999997,81.60599999999997,81.11599999999996,81.26799999999996,12749
2026-03-04T19:00:00+00:00,81.26799999999996,81.27299999999997,80.76099999999997,81.01299999999996,11830
2026-03-04T20:00:00+00:00,81.01299999999996,81.76799999999996,81.00599999999996,81.48799999999996,7127
2026-03-04T21:00:00+00:00,81.48799999999996,82.44799999999996,81.48099999999997,82.27599999999997,8896
2026-03-05T01:00:00+00:00,82.27599999999997,83.44299999999996,82.27599999999997,83.21799999999996,12919.963122863825
2026-03-05T02:00:00+00:00,83.21799999999996,83.77299999999995,83.07199999999996,83.75699999999996,9292
2026-03-05T03:00:00+00:00,83.75699999999996,83.77799999999996,83.28699999999996,83.56299999999996,8359
2026-03-05T04:00:00+00:00,83.56299999999996,84.07399999999996,83.53199999999995,83.81899999999996,5407
2026-03-05T05:00:00+00:00,83.81899999999996,84.57399999999996,83.78199999999995,84.20199999999996,10255
2026-03-05T06:00:00+00:00,84.20199999999996,84.23899999999996,82.11699999999996,82.98399999999995,22531
2026-03-05T07:00:00+00:00,82.98399999999995,83.91899999999995,82.94399999999996,83.62299999999996,15090
2026-03-05T08:00:00+00:00,83.62299999999996,84.17899999999996,83.28299999999996,83.40199999999996,19304
2026-03-05T09:00:00+00:00,83.40199999999996,83.48299999999996,81.38699999999996,82.78299999999996,29652
2026-03-05T10:00:00+00:00,82.78299999999996,83.01299999999996,82.38199999999996,82.87399999999995,15881
2026-03-05T11:00:00+00:00,82.87399999999995,83.54399999999995,82.70299999999996,83.43399999999995,10992
2026-03-05T12:00:00+00:00,83.43399999999995,83.57899999999995,82.95199999999996,83.39199999999995,13615
2026-03-05T13:00:00+00:00,83.39199999999995,83.60699999999996,82.74199999999996,83.44299999999996,21490
2026-03-05T14:00:00+00:00,83.44299999999996,84.21799999999996,83.17899999999996,83.72699999999996,22659
2026-03-05T15:00:00+00:00,83.72699999999996,84.55299999999995,83.49399999999996,83.97199999999995,20179
2026-03-05T16:00:00+00:00,83.97199999999995,84.85699999999996,83.64399999999996,84.23299999999996,21571
2026-03-05T17:00:00+00:00,84.23299999999996,84.65899999999996,83.60299999999995,84.59299999999996,19051
2026-03-05T18:00:00+00:00,84.59299999999996,85.53699999999996,84.00199999999995,85.02699999999996,21129
2026-03-05T19:00:00+00:00,85.02699999999996,85.78399999999996,84.89399999999996,85.75699999999996,20426
2026-03-05T20:00:00+00:00,85.75699999999996,86.10399999999996,84.00699999999996,84.39199999999995,27160
2026-03-05T21:00:00+00:00,84.39199999999995,84.53399999999996,83.37799999999996,83.87699999999995,13155
2026-03-06T01:00:00+00:00,83.87699999999995,84.42899999999995,83.12499999999996,84.37799999999996,16306.046845405952
2026-03-06T02:00:00+00:00,84.37799999999996,84.42899999999995,83.85299999999995,84.33499999999995,10951
2026-03-06T03:00:00+00:00,84.33499999999995,84.62499999999996,84.13399999999996,84.48499999999996,8487
2026-03-06T04:00:00+00:00,84.48499999999996,84.57999999999996,84.26899999999995,84.51799999999996,3864
2026-03-06T05:00:00+00:00,84.51799999999996,85.04899999999995,84.31299999999995,84.93999999999996,10926
2026-03-06T06:00:00+00:00,84.93999999999996,85.44499999999995,84.77499999999995,85.22999999999995,12471
2026-03-06T07:00:00+00:00,85.22999999999995,85.65499999999996,84.72299999999996,85.61299999999996,8622
2026-03-06T08:00:00+00:00,85.61299999999996,86.03999999999995,85.23299999999995,85.30299999999995,16123
2026-03-06T09:00:00+00:00,85.30299999999995,87.59499999999996,85.04999999999995,87.46499999999995,23883
2026-03-06T10:00:00+00:00,87.46499999999995,87.51299999999995,86.60799999999995,87.02499999999995,21515
2026-03-06T11:00:00+00:00,87.02499999999995,89.42499999999995,86.94799999999995,89.29299999999995,22945
2026-03-06T12:00:00+00:00,89.29299999999995,89.44999999999995,88.68899999999995,88.95899999999995,21244
2026-03-06T13:00:00+00:00,88.95899999999995,90.19999999999995,87.66999999999996,89.74399999999996,36784
2026-03-06T14:00:00+00:00,89.74399999999996,91.81999999999995,89.39399999999995,91.41299999999995,34142
2026-03-06T15:00:00+00:00,91.41299999999995,91.52399999999996,90.28799999999995,90.85399999999996,28024
2026-03-06T16:00:00+00:00,90.85399999999996,92.51399999999995,90.59399999999995,92.46299999999995,26429
2026-03-06T17:00:00+00:00,92.46299999999995,94.46499999999995,92.12299999999995,94.06299999999995,31765
2026-03-06T18:00:00+00:00,94.06299999999995,94.11499999999995,91.62499999999996,93.57299999999995,34660
2026-03-06T19:00:00+00:00,93.57299999999995,93.57299999999995,92.17799999999995,92.81499999999996,31817
2026-03-06T20:00:00+00:00,92.81499999999996,92.84299999999995,91.96899999999995,92.23499999999996,13774
2026-03-06T21:00:00+00:00,92.23499999999996,92.91499999999995,92.14399999999995,92.61999999999995,7244
2026-03-09T00:00:00+00:00,92.61999999999995,109.51299999999996,92.36899999999994,108.32299999999996,22348.006889128093
2026-03-09T01:00:00+00:00,108.32299999999996,114.65399999999995,107.89399999999996,114.34399999999995,29216
2026-03-09T02:00:00+00:00,114.34399999999995,119.20299999999996,112.78299999999996,115.21299999999995,46053
2026-03-09T03:00:00+00:00,115.21299999999995,116.45399999999997,112.78199999999995,115.82299999999996,29749
2026-03-09T04:00:00+00:00,115.82299999999996,117.64399999999996,115.11199999999995,116.39199999999995,19822
2026-03-09T05:00:00+00:00,116.39199999999995,116.44299999999996,106.03299999999996,106.52199999999996,61641
2026-03-09T06:00:00+00:00,106.52199999999996,109.77399999999996,105.25199999999995,108.13399999999996,55268
2026-03-09T07:00:00+00:00,108.13399999999996,108.34299999999996,105.11299999999996,107.37199999999996,36722
2026-03-09T08:00:00+00:00,107.37199999999996,108.74299999999995,105.97299999999996,106.31299999999996,43517
2026-03-09T09:00:00+00:00,106.31299999999996,107.21699999999996,100.90199999999996,103.65299999999996,43255
2026-03-09T10:00:00+00:00,103.65299999999996,106.29299999999996,103.40399999999995,104.96399999999996,39579
2026-03-09T11:00:00+00:00,104.96399999999996,105.29399999999995,103.06299999999996,103.53199999999995,28066
2026-03-09T12:00:00+00:00,103.53199999999995,104.77399999999996,101.92199999999995,103.41199999999996,33101
2026-03-09T13:00:00+00:00,103.41199999999996,103.48399999999995,99.74799999999996,101.33399999999996,55431
2026-03-09T14:00:00+00:00,101.33399999999996,105.39299999999996,101.04399999999995,102.30199999999996,49362
2026-03-09T15:00:00+00:00,102.30199999999996,102.45399999999997,97.37199999999996,97.96399999999996,52003
2026-03-09T16:00:00+00:00,97.96399999999996,100.26399999999995,97.92199999999995,99.31899999999996,52239
2026-03-09T17:00:00+00:00,99.31899999999996,99.98799999999996,98.28399999999996,99.08799999999995,34624
2026-03-09T18:00:00+00:00,99.08799999999995,99.15399999999995,95.80299999999995,99.04699999999995,49804
2026-03-09T19:00:00+00:00,99.04699999999995,99.24899999999995,83.55299999999995,89.37399999999995,68735
2026-03-09T20:00:00+00:00,89.37399999999995,92.58299999999996,86.18399999999995,88.41399999999996,58445
2026-03-10T00:00:00+00:00,88.41399999999996,92.79799999999996,88.29399999999997,90.22799999999995,18932.583180153815
2026-03-10T01:00:00+00:00,90.22799999999995,90.30999999999996,87.81799999999996,88.37899999999995,26130
2026-03-10T02:00:00+00:00,88.37899999999995,92.14999999999995,88.06799999999996,92.06899999999996,19371
2026-03-10T03:00:00+00:00,92.06899999999996,94.74899999999995,91.83999999999996,93.73899999999995,23841
2026-03-10T04:00:00+00:00,93.73899999999995,94.66999999999996,93.48799999999996,94.37999999999995,11893
2026-03-10T05:00:00+00:00,94.37999999999995,94.38799999999995,91.59899999999996,93.20899999999996,25626
2026-03-10T06:00:00+00:00,93.20899999999996,93.81999999999995,91.93299999999995,93.51999999999995,27591
2026-03-10T07:00:00+00:00,93.51999999999995,93.73399999999995,89.38899999999995,89.54999999999995,28945
2026-03-10T08:00:00+00:00,89.54999999999995,92.72499999999995,89.18899999999995,92.63999999999996,31272
2026-03-10T09:00:00+00:00,92.63999999999996,92.77499999999995,89.05299999999995,90.38899999999995,28013
2026-03-10T10:00:00+00:00,90.38899999999995,93.05399999999996,90.24299999999995,91.65999999999995,28615
2026-03-10T11:00:00+00:00,91.65999999999995,92.72999999999996,89.44899999999996,91.99399999999996,28432
2026-03-10T12:00:00+00:00,91.99399999999996,93.82999999999996,91.37799999999996,92.27799999999995,30086
2026-03-10T13:00:00+00:00,92.27799999999995,92.40399999999995,90.61399999999995,90.99799999999995,38506
2026-03-10T14:00:00+00:00,90.99799999999995,91.81299999999996,87.09799999999996,88.44799999999995,38850
2026-03-10T15:00:00+00:00,88.44799999999995,88.88999999999996,86.82299999999995,88.21399999999996,35906
2026-03-10T16:00:00+00:00,88.21399999999996,89.57999999999996,85.93899999999995,86.11499999999995,34973
2026-03-10T17:00:00+00:00,86.11499999999995,86.44899999999996,80.96999999999996,84.30999999999996,66086
2026-03-10T18:00:00+00:00,84.30999999999996,91.64799999999995,83.77499999999995,88.33999999999996,59911
2026-03-10T19:00:00+00:00,88.33999999999996,91.31799999999996,88.21399999999996,90.89999999999995,31234
2026-03-10T20:00:00+00:00,90.89999999999995,91.18999999999996,90.00799999999995,90.68899999999995,21733
2026-03-11T00:00:00+00:00,90.68899999999995,90.69399999999996,86.43999999999997,87.00999999999996,17466.276005743744
2026-03-11T01:00:00+00:00,87.00999999999996,88.76899999999996,86.46899999999997,87.32999999999997,19268
2026-03-11T02:00:00+00:00,87.32999999999997,88.85899999999997,87.19899999999997,88.07899999999997,14558
2026-03-11T03:00:00+00:00,88.07899999999997,88.26999999999997,86.26799999999997,86.47999999999996,12381
2026-03-11T04:00:00+00:00,86.47999999999996,87.22299999999997,86.00899999999997,86.63299999999997,8219
2026-03-11T05:00:00+00:00,86.63299999999997,87.85999999999997,86.52799999999996,87.52399999999997,12285
2026-03-11T06:00:00+00:00,87.52399999999997,88.02499999999996,86.65799999999997,87.10299999999997,12918
2026-03-11T07:00:00+00:00,87.10299999999997,89.80999999999997,86.87999999999997,89.65999999999997,18763
2026-03-11T08:00:00+00:00,89.65999999999997,90.68599999999996,88.68499999999996,90.10199999999996,24242
2026-03-11T09:00:00+00:00,90.10199999999996,92.63699999999996,89.85999999999996,92.44499999999996,25819
2026-03-11T10:00:00+00:00,92.44499999999996,92.44499999999996,88.46199999999996,88.92999999999996,28275
2026-03-11T11:00:00+00:00,88.92999999999996,91.52099999999996,88.73199999999996,90.82199999999996,27335
2026-03-11T12:00:00+00:00,90.82199999999996,91.99199999999996,90.27999999999996,91.17199999999995,24389
2026-03-11T13:00:00+00:00,91.17199999999995,91.17199999999995,87.87199999999996,88.27499999999996,38319
2026-03-11T14:00:00+00:00,88.27499999999996,91.40199999999996,86.95999999999997,90.49499999999996,41056
2026-03-11T15:00:00+00:00,90.49499999999996,91.86199999999997,90.20199999999996,91.85699999999996,25982
2026-03-11T16:00:00+00:00,91.85699999999996,92.82699999999996,91.37699999999997,91.64499999999995,27641
2026-03-11T17:00:00+00:00,91.64499999999995,92.64999999999996,90.82499999999996,91.87199999999996,22705
2026-03-11T18:00:00+00:00,91.87199999999996,92.42499999999995,91.31599999999996,91.72699999999996,27417
2026-03-11T19:00:00+00:00,91.72699999999996,92.24099999999996,91.49699999999996,92.15499999999996,9773
2026-03-11T20:00:00+00:00,92.15499999999996,92.76099999999997,92.07099999999996,92.67699999999996,8572
2026-03-12T00:00:00+00:00,92.67699999999996,99.25599999999996,92.63699999999996,98.40499999999996,16918.20379497289
2026-03-12T01:00:00+00:00,98.40499999999996,98.77599999999995,96.70499999999996,97.96499999999996,20636
2026-03-12T02:00:00+00:00,97.96499999999996,101.28699999999995,97.95599999999996,99.81499999999996,18073
2026-03-12T03:00:00+00:00,99.81499999999996,101.14599999999996,99.67599999999996,100.26599999999995,14966
2026-03-12T04:00:00+00:00,100.26599999999995,100.65099999999995,99.74999999999996,100.22699999999996,9868
2026-03-12T05:00:00+00:00,100.22699999999996,100.25699999999995,97.65199999999996,98.36099999999995,23168
2026-03-12T06:00:00+00:00,98.36099999999995,99.02099999999996,96.69699999999996,97.74499999999995,22064
2026-03-12T07:00:00+00:00,97.74499999999995,97.74499999999995,94.98499999999996,95.51599999999995,22186
2026-03-12T08:00:00+00:00,95.51599999999995,97.92599999999996,95.26999999999995,97.37499999999996,24775
2026-03-12T09:00:00+00:00,97.37499999999996,98.04699999999995,95.95599999999996,96.24699999999996,18114
2026-03-12T10:00:00+00:00,96.24699999999996,96.81499999999996,95.68599999999995,96.23699999999995,16761
2026-03-12T11:00:00+00:00,96.23699999999995,97.96699999999996,96.14999999999995,97.68699999999995,15377
2026-03-12T12:00:00+00:00,97.68699999999995,98.48499999999996,97.44099999999996,97.90099999999995,17772
2026-03-12T13:00:00+00:00,97.90099999999995,100.12599999999995,97.61599999999996,99.47499999999995,34803
2026-03-12T14:00:00+00:00,99.47499999999995,100.68199999999996,98.78599999999996,100.28199999999995,30779
2026-03-12T15:00:00+00:00,100.28199999999995,101.33699999999996,98.41499999999995,98.72699999999996,35703
2026-03-12T16:00:00+00:00,98.72699999999996,100.00099999999995,97.47999999999995,99.17199999999995,27753
2026-03-12T17:00:00+00:00,99.17199999999995,99.73699999999995,98.64699999999995,98.77699999999996,20194
2026-03-12T18:00:00+00:00,98.77699999999996,101.27499999999995,98.37199999999996,101.12099999999995,23902
2026-03-12T19:00:00+00:00,101.12099999999995,101.57199999999996,100.30699999999996,101.09199999999996,12937
2026-03-12T20:00:00+00:00,101.09199999999996,101.37199999999996,100.34499999999996,100.98099999999995,9113
2026-03-13T00:00:00+00:00,100.98099999999995,101.26699999999995,99.56699999999995,100.22599999999996,9737.552038812522
2026-03-13T01:00:00+00:00,100.22599999999996,100.79599999999995,99.33299999999996,100.31599999999996,13898
2026-03-13T02:00:00+00:00,100.31599999999996,101.12299999999996,99.98799999999996,100.94299999999996,9560
2026-03-13T03:00:00+00:00,100.94299999999996,101.27199999999996,100.00599999999996,100.37299999999996,9730
2026-03-13T04:00:00+00:00,100.37299999999996,100.67299999999996,99.94599999999996,100.05799999999995,5094
2026-03-13T05:00:00+00:00,100.05799999999995,100.43099999999995,99.71599999999995,100.00799999999995,9698
2026-03-13T06:00:00+00:00,100.00799999999995,101.15599999999995,99.34599999999996,101.11099999999996,12873
2026-03-13T07:00:00+00:00,101.11099999999996,102.38099999999996,100.82599999999995,102.06599999999996,13055
2026-03-13T08:00:00+00:00,102.06599999999996,102.52799999999996,100.42099999999995,100.63299999999995,22902
2026-03-13T09:00:00+00:00,100.63299999999995,101.25199999999995,99.82699999999996,100.84199999999996,15715
2026-03-13T10:00:00+00:00,100.84199999999996,100.98699999999995,98.47599999999996,98.83799999999995,15902
2026-03-13T11:00:00+00:00,98.83799999999995,100.35699999999996,98.27199999999996,98.80199999999995,18518
2026-03-13T12:00:00+00:00,98.80199999999995,99.63799999999996,97.46599999999995,98.65599999999995,20070
2026-03-13T13:00:00+00:00,98.65599999999995,99.80299999999995,98.10599999999995,99.65599999999995,26491
2026-03-13T14:00:00+00:00,99.65599999999995,100.71199999999996,99.30299999999995,100.55099999999996,19883
2026-03-13T15:00:00+00:00,100.55099999999996,101.78299999999996,100.35699999999996,101.25299999999996,19372
2026-03-13T16:00:00+00:00,101.25299999999996,102.08699999999996,100.97099999999996,101.40299999999996,18597
2026-03-13T17:00:00+00:00,101.40299999999996,102.76099999999995,100.67599999999996,102.57099999999996,16908
2026-03-13T18:00:00+00:00,102.57099999999996,103.63299999999995,101.53299999999996,102.00799999999995,24319
2026-03-13T19:00:00+00:00,102.00799999999995,102.88299999999995,101.72599999999996,102.79199999999996,10849
2026-03-13T20:00:00+00:00,102.79199999999996,103.35299999999995,102.72799999999995,103.20099999999995,6454
2026-03-16T00:00:00+00:00,103.20099999999995,103.66099999999996,102.35099999999996,102.37299999999995,9307.495441242683
2026-03-16T01:00:00+00:00,102.37299999999995,104.01299999999995,101.81199999999995,103.79299999999995,15301
2026-03-16T02:00:00+00:00,103.79299999999995,104.55199999999995,103.38699999999996,104.17299999999996,11923
2026-03-16T03:00:00+00:00,104.17299999999996,104.41299999999995,103.80099999999996,104.19099999999996,7282
2026-03-16T04:00:00+00:00,104.19099999999996,104.61199999999995,104.15099999999995,104.53799999999995,3763
2026-03-16T05:00:00+00:00,104.53799999999995,104.73799999999996,103.57099999999996,103.66099999999996,8035
2026-03-16T06:00:00+00:00,103.66099999999996,105.00199999999995,103.30099999999996,104.24699999999996,9693
2026-03-16T07:00:00+00:00,104.24699999999996,106.18699999999995,103.84199999999996,105.73199999999996,13031
2026-03-16T08:00:00+00:00,105.73199999999996,106.12699999999995,104.68099999999995,104.95099999999995,16257
2026-03-16T09:00:00+00:00,104.95099999999995,105.50199999999995,103.97799999999995,104.53099999999995,11442
2026-03-16T10:00:00+00:00,104.53099999999995,104.67299999999996,102.30699999999996,102.39599999999996,14042
2026-03-16T11:00:00+00:00,102.39599999999996,103.51699999999995,102.30699999999996,102.92799999999995,13651
2026-03-16T12:00:00+00:00,102.92799999999995,103.33799999999995,101.33599999999996,101.83799999999995,21875
2026-03-16T13:00:00+00:00,101.83799999999995,102.34599999999996,99.64599999999996,100.06299999999996,28841
2026-03-16T14:00:00+00:00,100.06299999999996,101.91799999999995,99.61299999999996,101.61799999999995,25928
2026-03-16T15:00:00+00:00,101.61799999999995,102.23599999999995,100.92599999999996,101.67699999999995,17727
2026-03-16T16:00:00+00:00,101.67699999999995,103.01299999999995,101.33199999999995,101.90699999999995,18262
2026-03-16T17:00:00+00:00,101.90699999999995,101.93099999999995,100.28799999999995,100.67699999999995,17572
2026-03-16T18:00:00+00:00,100.67699999999995,100.98699999999995,99.35699999999996,99.94299999999996,19488
2026-03-16T19:00:00+00:00,99.94299999999996,100.96799999999996,99.43599999999995,99.84299999999996,11593
2026-03-16T20:00:00+00:00,99.84299999999996,100.71699999999996,99.62099999999995,100.65199999999996,8807
2026-03-17T00:00:00+00:00,100.65199999999996,102.91299999999997,100.65199999999996,102.40299999999996,7402.26835990273
2026-03-17T01:00:00+00:00,102.40299999999996,102.81599999999996,102.08099999999996,102.71099999999997,10059
2026-03-17T02:00:00+00:00,102.71099999999997,102.99799999999996,102.42199999999997,102.84599999999996,6271
2026-03-17T03:00:00+00:00,102.84599999999996,103.00799999999997,102.48599999999996,102.77199999999996,5487
2026-03-17T04:00:00+00:00,102.77199999999996,103.01299999999996,102.40699999999997,102.81799999999997,3664
2026-03-17T05:00:00+00:00,102.81799999999997,104.54299999999996,102.22099999999996,104.39299999999996,8166
2026-03-17T06:00:00+00:00,104.39299999999996,104.75699999999996,103.23299999999996,103.65099999999997,15203
2026-03-17T07:00:00+00:00,103.65099999999997,103.88099999999996,102.77199999999996,103.14799999999997,11634
2026-03-17T08:00:00+00:00,103.14799999999997,104.24799999999996,103.01699999999997,103.89599999999996,17490
2026-03-17T09:00:00+00:00,103.89599999999996,103.94699999999996,102.34299999999996,102.61699999999996,13315
2026-03-17T10:00:00+00:00,102.61699999999996,103.54799999999996,102.56799999999997,102.75699999999996,9494
2026-03-17T11:00:00+00:00,102.75699999999996,103.41799999999996,102.72599999999997,103.32699999999997,8441
2026-03-17T12:00:00+00:00,103.32699999999997,103.41799999999996,101.79099999999997,101.94799999999996,13892
2026-03-17T13:00:00+00:00,101.94799999999996,102.21699999999997,100.92899999999996,101.92799999999995,20725
2026-03-17T14:00:00+00:00,101.92799999999995,102.20399999999997,100.68799999999996,100.91799999999996,16565
2026-03-17T15:00:00+00:00,100.91799999999996,102.68999999999996,100.82299999999996,102.48999999999997,15570
2026-03-17T16:00:00+00:00,102.48999999999997,102.71399999999996,101.23899999999996,101.83799999999997,17090
2026-03-17T17:00:00+00:00,101.83799999999997,103.02499999999996,101.81399999999996,102.91799999999996,13453
2026-03-17T18:00:00+00:00,102.91799999999996,103.45899999999996,102.59499999999996,103.22799999999997,12509
2026-03-17T19:00:00+00:00,103.22799999999997,103.67999999999996,102.92799999999995,103.50299999999996,6184
2026-03-17T20:00:00+00:00,103.50299999999996,103.61899999999996,103.15399999999997,103.41899999999995,5396
2026-03-18T00:00:00+00:00,103.41899999999995,103.41899999999995,102.09399999999997,102.31099999999996,5994.395590936926
2026-03-18T01:00:00+00:00,102.31099999999996,102.68999999999997,101.89999999999996,102.54099999999997,8774
2026-03-18T02:00:00+00:00,102.54099999999997,102.76899999999996,101.59399999999997,102.05899999999997,6685
2026-03-18T03:00:00+00:00,102.05899999999997,102.09099999999997,100.77899999999997,100.83899999999997,6699
2026-03-18T04:00:00+00:00,100.83899999999997,101.06099999999996,100.66899999999997,100.87599999999996,6344
2026-03-18T05:00:00+00:00,100.87599999999996,101.36099999999996,100.37899999999996,100.74899999999997,7989
2026-03-18T06:00:00+00:00,100.74899999999997,101.64999999999996,100.17499999999997,101.53999999999996,11754
2026-03-18T07:00:00+00:00,101.53999999999996,102.05499999999996,101.31899999999996,101.97599999999997,7489
2026-03-18T08:00:00+00:00,101.97599999999997,102.98999999999997,101.87099999999997,102.61399999999996,11960
2026-03-18T09:00:00+00:00,102.61399999999996,103.38599999999997,102.46399999999997,103.25399999999996,8664
2026-03-18T10:00:00+00:00,103.25399999999996,103.86499999999997,102.96999999999997,103.66899999999997,8349
2026-03-18T11:00:00+00:00,103.66899999999997,105.14899999999997,103.25099999999996,104.00099999999996,17666
2026-03-18T12:00:00+00:00,104.00099999999996,108.10399999999997,103.89899999999997,107.93899999999996,31495
2026-03-18T13:00:00+00:00,107.93899999999996,109.00099999999996,107.43999999999997,108.94999999999996,31696
2026-03-18T14:00:00+00:00,108.94999999999996,109.77999999999997,108.15499999999997,108.97399999999996,22358
2026-03-18T15:00:00+00:00,108.97399999999996,109.09899999999996,108.09099999999997,108.37999999999997,25084
2026-03-18T16:00:00+00:00,108.37999999999997,108.60399999999997,107.75399999999996,108.42099999999996,21404
2026-03-18T17:00:00+00:00,108.42099999999996,108.76499999999997,106.28999999999996,106.41899999999997,21654
2026-03-18T18:00:00+00:00,106.41899999999997,108.25999999999996,105.55899999999997,107.78399999999996,28750
2026-03-18T19:00:00+00:00,107.78399999999996,109.78099999999996,107.30899999999997,109.48499999999997,14097
2026-03-18T20:00:00+00:00,109.48499999999997,111.70399999999997,109.38499999999996,110.79899999999996,16557
2026-03-19T00:00:00+00:00,110.79899999999996,111.82999999999996,110.17799999999995,111.33799999999997,11792.625247048092
2026-03-19T01:00:00+00:00,111.33799999999997,112.37899999999996,110.46799999999996,112.25499999999997,15350
2026-03-19T02:00:00+00:00,112.25499999999997,112.69399999999996,110.62899999999996,111.90799999999996,17305
2026-03-19T03:00:00+00:00,111.90799999999996,112.10799999999996,110.95899999999996,111.84299999999996,8974
2026-03-19T04:00:00+00:00,111.84299999999996,112.30999999999996,111.72399999999996,112.01899999999996,5248
2026-03-19T05:00:00+00:00,112.01899999999996,112.86899999999996,111.43799999999996,112.51899999999996,10191
2026-03-19T06:00:00+00:00,112.51899999999996,113.74799999999996,112.38799999999996,113.55999999999996,13394
2026-03-19T07:00:00+00:00,113.55999999999996,114.91499999999996,112.89899999999996,114.11799999999997,21159
2026-03-19T08:00:00+00:00,114.11799999999997,116.82999999999996,112.99999999999996,115.96899999999997,27569
2026-03-19T09:00:00+00:00,115.96899999999997,118.96299999999997,113.90799999999996,114.70799999999996,39436
2026-03-19T10:00:00+00:00,114.70799999999996,115.24899999999997,113.47799999999997,114.24999999999996,24131
2026-03-19T11:00:00+00:00,114.24999999999996,115.00999999999996,113.47799999999997,113.59799999999996,16256
2026-03-19T12:00:00+00:00,113.59799999999996,114.08499999999997,111.96899999999997,112.78799999999997,21924
2026-03-19T13:00:00+00:00,112.78799999999997,113.32399999999996,110.22799999999997,111.07999999999996,35069
2026-03-19T14:00:00+00:00,111.07999999999996,112.22899999999996,109.89799999999997,110.81399999999996,23851
2026-03-19T15:00:00+00:00,110.81399999999996,112.63399999999996,110.03899999999996,110.16999999999996,40585
2026-03-19T16:00:00+00:00,110.16999999999996,111.35899999999997,108.59899999999996,109.62299999999996,28321
2026-03-19T17:00:00+00:00,109.62299999999996,109.79999999999997,107.90799999999996,108.25799999999997,21595
2026-03-19T18:00:00+00:00,108.25799999999997,109.32299999999996,106.88999999999996,107.42299999999996,27532
2026-03-19T19:00:00+00:00,107.42299999999996,107.61799999999997,103.59799999999996,107.31799999999996,34571
2026-03-19T20:00:00+00:00,107.31799999999996,108.17799999999995,106.95899999999996,107.66499999999996,12383
2026-03-20T00:00:00+00:00,107.66499999999996,107.70699999999997,106.17999999999996,107.47199999999997,7223.161232754479
2026-03-20T01:00:00+00:00,107.47199999999997,107.59099999999997,104.93099999999997,105.29099999999997,16349
2026-03-20T02:00:00+00:00,105.29099999999997,106.57099999999997,105.28999999999996,106.51199999999996,9700
2026-03-20T03:00:00+00:00,106.51199999999996,107.44599999999997,106.24099999999996,107.11099999999996,6935
2026-03-20T04:00:00+00:00,107.11099999999996,107.38599999999997,106.53099999999996,107.37099999999997,4587
2026-03-20T05:00:00+00:00,107.37099999999997,107.69099999999996,106.41199999999996,106.59699999999997,7799
2026-03-20T06:00:00+00:00,106.59699999999997,108.39699999999996,106.56499999999997,108.08099999999996,9478
2026-03-20T07:00:00+00:00,108.08099999999996,108.46699999999997,107.06599999999996,107.26099999999997,9781
2026-03-20T08:00:00+00:00,107.26099999999997,108.98499999999996,106.42999999999996,108.90499999999996,19828
2026-03-20T09:00:00+00:00,108.90499999999996,110.75199999999997,108.61999999999996,110.38099999999996,16523
2026-03-20T10:00:00+00:00,110.38099999999996,111.09699999999997,109.12999999999997,109.28999999999996,12467
2026-03-20T11:00:00+00:00,109.28999999999996,109.41999999999996,106.92199999999997,107.01499999999996,13578
2026-03-20T12:00:00+00:00,107.01499999999996,107.86499999999997,106.28599999999996,107.68599999999996,16294
2026-03-20T13:00:00+00:00,107.68599999999996,109.06699999999996,107.53599999999996,108.79099999999997,21725
2026-03-20T14:00:00+00:00,108.79099999999997,109.92999999999996,107.97599999999996,109.81199999999997,18304
2026-03-20T15:00:00+00:00,109.81199999999997,110.08499999999997,108.64099999999996,109.06999999999996,17703
2026-03-20T16:00:00+00:00,109.06999999999996,109.91499999999996,108.72499999999997,109.65199999999996,16192
2026-03-20T17:00:00+00:00,109.65199999999996,111.08699999999996,109.49499999999996,110.84099999999997,19353
2026-03-20T18:00:00+00:00,110.84099999999997,112.97699999999996,110.03099999999996,112.69199999999996,30508
2026-03-20T19:00:00+00:00,112.69199999999996,112.88599999999997,111.37999999999997,111.52999999999996,15252
2026-03-20T20:00:00+00:00,111.52999999999996,112.28999999999996,111.50099999999996,112.27099999999996,7789
2026-03-23T00:00:00+00:00,112.27099999999996,112.51899999999995,111.16399999999996,111.33399999999996,10271.726212783677
2026-03-23T01:00:00+00:00,111.33399999999996,112.28499999999995,111.25799999999995,112.03899999999996,15880
2026-03-23T02:00:00+00:00,112.03899999999996,112.90799999999996,111.56899999999996,112.82899999999997,11729
2026-03-23T03:00:00+00:00,112.82899999999997,112.97999999999996,112.72399999999996,112.87999999999995,6277
2026-03-23T04:00:00+00:00,112.87999999999995,113.00399999999996,112.56299999999996,112.68899999999996,3610
2026-03-23T05:00:00+00:00,112.68899999999996,112.79299999999996,111.68899999999996,112.38799999999996,9513
2026-03-23T06:00:00+00:00,112.38799999999996,113.83799999999995,112.16899999999995,113.46799999999996,20305
2026-03-23T07:00:00+00:00,113.46799999999996,114.10899999999995,113.17499999999995,113.63499999999996,13867
2026-03-23T08:00:00+00:00,113.63499999999996,114.33799999999995,112.82799999999996,113.47899999999996,23741
2026-03-23T09:00:00+00:00,113.47899999999996,113.77399999999996,112.77999999999996,113.19999999999996,16061
2026-03-23T10:00:00+00:00,113.19999999999996,113.82299999999996,111.78799999999995,112.86299999999996,14370
2026-03-23T11:00:00+00:00,112.86299999999996,113.00999999999996,96.00799999999995,105.53799999999995,48028
2026-03-23T12:00:00+00:00,105.53799999999995,106.85999999999996,100.28799999999995,101.19899999999996,40461
2026-03-23T13:00:00+00:00,101.19899999999996,103.61799999999995,100.03899999999996,100.83999999999996,38396
2026-03-23T14:00:00+00:00,100.83999999999996,102.49999999999996,99.67999999999996,101.05899999999995,29156
2026-03-23T15:00:00+00:00,101.05899999999995,102.85899999999995,96.75899999999996,102.45999999999997,42656
2026-03-23T16:00:00+00:00,102.45999999999997,104.13299999999995,100.81299999999996,101.27799999999996,30788
2026-03-23T17:00:00+00:00,101.27799999999996,101.97399999999996,100.00499999999995,100.19799999999996,23811
2026-03-23T18:00:00+00:00,100.19799999999996,101.13799999999996,97.81799999999996,98.94799999999996,27671
2026-03-23T19:00:00+00:00,98.94799999999996,99.87999999999995,98.57899999999997,99.78399999999996,13656
2026-03-23T20:00:00+00:00,99.78399999999996,100.78799999999995,99.40999999999995,100.31499999999996,10154
2026-03-24T00:00:00+00:00,100.31499999999996,102.11799999999995,100.26299999999995,101.73799999999996,15498.919351808361
2026-03-24T01:00:00+00:00,101.73799999999996,103.87299999999996,101.72599999999996,103.36299999999996,16817
2026-03-24T02:00:00+00:00,103.36299999999996,104.23799999999996,103.19699999999996,103.66599999999995,14144
2026-03-24T03:00:00+00:00,103.66599999999995,104.10099999999996,103.62599999999996,103.92599999999996,7759
2026-03-24T04:00:00+00:00,103.92599999999996,104.30599999999995,103.69599999999996,103.69699999999996,5559
2026-03-24T05:00:00+00:00,103.69699999999996,104.12599999999996,103.15799999999996,103.29799999999996,10460
2026-03-24T06:00:00+00:00,103.29799999999996,103.30699999999996,102.18599999999995,102.53699999999996,20182
2026-03-24T07:00:00+00:00,102.53699999999996,102.98299999999996,100.87799999999996,100.92699999999995,17167
2026-03-24T08:00:00+00:00,100.92699999999995,102.45699999999995,100.52599999999995,101.61799999999995,24312
2026-03-24T09:00:00+00:00,101.61799999999995,102.66799999999996,101.33199999999995,101.56299999999996,13552
2026-03-24T10:00:00+00:00,101.56299999999996,101.67699999999995,100.18599999999995,101.44299999999996,13466
2026-03-24T11:00:00+00:00,101.44299999999996,102.71199999999996,100.95799999999996,102.17299999999996,13392
2026-03-24T12:00:00+00:00,102.17299999999996,103.34599999999996,102.07699999999996,102.88599999999995,14977
2026-03-24T13:00:00+00:00,102.88599999999995,103.75199999999995,102.50099999999996,103.16799999999996,20430
2026-03-24T14:00:00+00:00,103.16799999999996,103.46799999999996,101.83699999999996,102.48699999999995,19530
2026-03-24T15:00:00+00:00,102.48699999999995,103.87699999999995,101.90799999999996,103.82699999999996,16788
2026-03-24T16:00:00+00:00,103.82699999999996,104.53299999999996,103.37199999999996,104.15599999999996,14840
2026-03-24T17:00:00+00:00,104.15599999999996,104.94599999999996,102.50699999999996,103.45799999999996,14404
2026-03-24T18:00:00+00:00,103.45799999999996,104.63699999999996,102.98599999999996,104.00599999999996,21010
2026-03-24T19:00:00+00:00,104.00599999999996,104.00599999999996,103.20599999999996,103.74799999999996,8478
2026-03-24T20:00:00+00:00,103.74799999999996,103.78799999999995,98.11699999999996,99.94199999999995,32732
2026-03-25T00:00:00+00:00,99.94199999999995,99.95199999999996,97.53999999999996,98.35099999999996,19949.689542346576
2026-03-25T01:00:00+00:00,98.35099999999996,98.64999999999996,97.07999999999996,97.91999999999996,22475
2026-03-25T02:00:00+00:00,97.91999999999996,99.67099999999996,97.59099999999997,99.54099999999997,16748
2026-03-25T03:00:00+00:00,99.54099999999997,100.03999999999996,98.92999999999996,99.75199999999997,11693
2026-03-25T04:00:00+00:00,99.75199999999997,99.95999999999997,99.00999999999996,99.05999999999996,10142
2026-03-25T05:00:00+00:00,99.05999999999996,100.51199999999996,99.04999999999995,100.31099999999996,13062
2026-03-25T06:00:00+00:00,100.31099999999996,100.79199999999996,99.86999999999996,100.18999999999996,17668
2026-03-25T07:00:00+00:00,100.18999999999996,100.24499999999996,98.97599999999996,99.23199999999996,15814
2026-03-25T08:00:00+00:00,99.23199999999996,99.50699999999996,97.32999999999996,98.83099999999996,24487
2026-03-25T09:00:00+00:00,98.83099999999996,100.44699999999996,98.45999999999997,99.16099999999996,14874
2026-03-25T10:00:00+00:00,99.16099999999996,99.42699999999996,97.95999999999997,98.21099999999996,15753
2026-03-25T11:00:00+00:00,98.21099999999996,99.12999999999997,97.56999999999996,98.38099999999996,14942
2026-03-25T12:00:00+00:00,98.38099999999996,100.74199999999996,98.17099999999996,99.82099999999996,19315
2026-03-25T13:00:00+00:00,99.82099999999996,100.24599999999997,98.70599999999996,100.18999999999996,16265
2026-03-25T14:00:00+00:00,100.18999999999996,100.77199999999996,99.93999999999996,100.50099999999996,15193
2026-03-25T15:00:00+00:00,100.50099999999996,101.77599999999997,100.30199999999996,101.75699999999996,15776
2026-03-25T16:00:00+00:00,101.75699999999996,101.98699999999997,100.66099999999996,101.35199999999996,17576
2026-03-25T17:00:00+00:00,101.35199999999996,102.06199999999995,101.10499999999996,101.93199999999996,15970
2026-03-25T18:00:00+00:00,101.93199999999996,103.17999999999996,101.76999999999997,102.97699999999996,14108
2026-03-25T19:00:00+00:00,102.97699999999996,103.25099999999996,102.39199999999997,102.70099999999996,7935
2026-03-25T20:00:00+00:00,102.70099999999996,103.22999999999996,102.68199999999996,103.07199999999996,6361
2026-03-26T00:00:00+00:00,103.07199999999996,103.53699999999996,102.75599999999997,103.09499999999997,6062.481069759949
2026-03-26T01:00:00+00:00,103.09499999999997,103.46599999999997,102.85499999999996,103.03599999999997,7930
2026-03-26T02:00:00+00:00,103.03599999999997,104.04099999999997,102.78499999999997,103.91499999999996,9451
2026-03-26T03:00:00+00:00,103.91499999999996,104.10699999999997,103.62599999999996,103.91999999999996,4427
2026-03-26T04:00:00+00:00,103.91999999999996,104.10699999999997,103.66499999999996,104.09699999999997,3839
2026-03-26T05:00:00+00:00,104.09699999999997,104.48999999999997,103.70599999999996,104.46599999999997,8139
2026-03-26T06:00:00+00:00,104.46599999999997,104.66499999999996,104.09499999999997,104.34099999999997,9626
2026-03-26T07:00:00+00:00,104.34099999999997,105.19699999999996,104.32599999999996,104.88999999999997,11847
2026-03-26T08:00:00+00:00,104.88999999999997,106.34499999999997,104.60699999999997,105.84499999999997,16245
2026-03-26T09:00:00+00:00,105.84499999999997,106.38199999999996,105.44599999999997,106.06499999999997,11933
2026-03-26T10:00:00+00:00,106.06499999999997,106.35699999999997,105.28999999999996,106.11499999999997,12309
2026-03-26T11:00:00+00:00,106.11499999999997,107.54499999999996,105.90599999999996,107.45199999999997,10699
2026-03-26T12:00:00+00:00,107.45199999999997,107.95699999999997,106.86499999999997,107.58099999999996,11122
2026-03-26T13:00:00+00:00,107.58099999999996,107.58099999999996,105.90999999999997,105.99699999999997,15869
2026-03-26T14:00:00+00:00,105.99699999999997,107.72699999999996,105.74499999999996,107.18599999999996,15792
2026-03-26T15:00:00+00:00,107.18599999999996,108.25599999999997,107.09499999999997,108.07599999999996,15963
2026-03-26T16:00:00+00:00,108.07599999999996,108.97099999999996,107.75499999999997,107.99599999999997,14880
2026-03-26T17:00:00+00:00,107.99599999999997,108.99699999999997,107.71499999999996,108.84599999999996,11911
2026-03-26T18:00:00+00:00,108.84599999999996,108.90699999999997,107.31599999999996,107.46699999999997,13648
2026-03-26T19:00:00+00:00,107.46699999999997,107.83199999999997,107.36599999999997,107.49999999999997,8260
2026-03-26T20:00:00+00:00,107.49999999999997,107.61199999999997,103.02599999999997,107.16599999999997,34239
2026-03-27T00:00:00+00:00,107.16599999999997,107.31099999999996,105.71899999999997,107.17999999999996,10131.657767511817
2026-03-27T01:00:00+00:00,107.17999999999996,107.32099999999997,106.04999999999997,106.24899999999997,11672
2026-03-27T02:00:00+00:00,106.24899999999997,106.54599999999996,105.08899999999997,106.34999999999997,11598
2026-03-27T03:00:00+00:00,106.34999999999997,107.14099999999998,106.31899999999997,107.07099999999997,6719
2026-03-27T04:00:00+00:00,107.07099999999997,107.44099999999997,107.03899999999997,107.38099999999997,4188
2026-03-27T05:00:00+00:00,107.38099999999997,107.76899999999996,107.01899999999996,107.75599999999997,6656
2026-03-27T06:00:00+00:00,107.75599999999997,108.26499999999997,107.36899999999997,108.13099999999997,9852
2026-03-27T07:00:00+00:00,108.13099999999997,109.80899999999997,108.00899999999997,109.39999999999996,11137
2026-03-27T08:00:00+00:00,109.39999999999996,110.41499999999996,108.93499999999997,109.61999999999998,17196
2026-03-27T09:00:00+00:00,109.61999999999998,110.59999999999997,109.31899999999997,109.81899999999997,11707
2026-03-27T10:00:00+00:00,109.81899999999997,110.96099999999997,109.47099999999998,110.88099999999997,9951
2026-03-27T11:00:00+00:00,110.88099999999997,111.09099999999997,110.55999999999997,110.60899999999997,10364
2026-03-27T12:00:00+00:00,110.60899999999997,111.41599999999997,110.45899999999997,110.53899999999997,12648
2026-03-27T13:00:00+00:00,110.53899999999997,111.42099999999996,110.37899999999998,110.78999999999996,17466
2026-03-27T14:00:00+00:00,110.78999999999996,110.96499999999997,109.60099999999997,110.83399999999997,15841
2026-03-27T15:00:00+00:00,110.83399999999997,111.71999999999997,109.87899999999998,111.64899999999997,16920
2026-03-27T16:00:00+00:00,111.64899999999997,112.00999999999998,110.87899999999998,111.64499999999997,17806
2026-03-27T17:00:00+00:00,111.64499999999997,112.10899999999997,110.89999999999996,112.08999999999997,12385
2026-03-27T18:00:00+00:00,112.08999999999997,112.84099999999997,111.62899999999998,112.29999999999997,21227
2026-03-27T19:00:00+00:00,112.29999999999997,114.16099999999997,112.09899999999998,112.97099999999998,16235
2026-03-27T20:00:00+00:00,112.97099999999998,114.19099999999997,112.33899999999997,113.96399999999997,17346
2026-03-30T00:00:00+00:00,113.96399999999997,116.69299999999997,113.93799999999997,116.68299999999998,11308.052857756767
2026-03-30T01:00:00+00:00,116.68299999999998,116.74099999999997,115.24099999999997,115.45599999999997,9409
2026-03-30T02:00:00+00:00,115.45599999999997,116.70299999999997,115.09799999999997,115.40199999999997,8448
2026-03-30T03:00:00+00:00,115.40199999999997,115.42299999999997,114.16099999999997,115.20299999999997,12744
2026-03-30T04:00:00+00:00,115.20299999999997,115.58299999999997,114.83099999999997,115.49099999999997,5977
2026-03-30T05:00:00+00:00,115.49099999999997,115.66099999999997,114.72199999999997,115.19199999999996,11516
2026-03-30T06:00:00+00:00,115.19199999999996,116.15599999999998,114.73099999999997,115.97099999999998,14896
2026-03-30T07:00:00+00:00,115.97099999999998,116.54199999999997,115.46299999999997,115.99099999999997,12136
2026-03-30T08:00:00+00:00,115.99099999999997,116.85099999999997,114.77599999999997,115.12099999999997,17535
2026-03-30T09:00:00+00:00,115.12099999999997,115.89199999999997,114.54199999999997,115.08199999999997,10616
2026-03-30T10:00:00+00:00,115.08199999999997,115.68699999999997,114.80199999999998,115.30299999999997,12169
2026-03-30T11:00:00+00:00,115.30299999999997,115.56599999999997,113.38199999999998,114.85199999999998,15914
2026-03-30T12:00:00+00:00,114.85199999999998,115.07299999999996,114.05099999999997,114.09199999999997,10773
2026-03-30T13:00:00+00:00,114.09199999999997,115.66699999999997,113.58099999999997,114.67199999999997,19107
2026-03-30T14:00:00+00:00,114.67199999999997,114.68299999999998,112.14299999999997,112.79099999999997,21259
2026-03-30T15:00:00+00:00,112.79099999999997,113.39699999999998,111.49299999999997,112.49599999999998,20984.63628607991
2026-03-30T16:00:00+00:00,112.49599999999998,113.19599999999998,111.42699999999998,112.04199999999999,14896
2026-03-30T17:00:00+00:00,112.04199999999999,113.01799999999999,111.94599999999998,112.53199999999998,11468
2026-03-30T18:00:00+00:00,112.53199999999998,113.49199999999998,111.39699999999998,113.45699999999998,14877
2026-03-30T19:00:00+00:00,113.45699999999998,114.44799999999998,113.43599999999998,114.03699999999998,8255
2026-03-30T20:00:00+00:00,114.03699999999998,114.74799999999998,114.02599999999998,114.55699999999999,8571
2026-03-31T00:00:00+00:00,114.55699999999999,114.56799999999998,107.96799999999998,108.08299999999998,13064.45548109143
2026-03-31T01:00:00+00:00,108.08299999999998,108.77899999999998,104.73699999999998,105.55799999999998,26757
2026-03-31T02:00:00+00:00,105.55799999999998,106.62299999999998,105.36699999999998,106.23899999999998,9950
2026-03-31T03:00:00+00:00,106.23899999999998,107.55399999999997,105.70899999999997,107.46199999999997,7443
2026-03-31T04:00:00+00:00,107.46199999999997,107.57799999999997,107.06699999999998,107.24899999999998,4880
2026-03-31T05:00:00+00:00,107.24899999999998,107.90899999999998,106.81199999999998,107.07699999999998,9525
2026-03-31T06:00:00+00:00,107.07699999999998,107.52399999999997,106.83699999999997,106.92899999999997,9585
2026-03-31T07:00:00+00:00,106.92899999999997,107.55299999999998,106.31899999999997,106.42899999999997,9276
2026-03-31T08:00:00+00:00,106.42899999999997,107.53399999999998,106.17799999999998,106.70799999999998,16275
2026-03-31T09:00:00+00:00,106.70799999999998,108.20299999999997,105.91899999999998,107.99399999999997,14219
2026-03-31T10:00:00+00:00,107.99399999999997,108.20799999999998,107.45299999999997,108.04299999999998,10166
2026-03-31T11:00:00+00:00,108.04299999999998,108.40699999999998,106.64799999999998,107.03899999999997,20626
2026-03-31T12:00:00+00:00,107.03899999999997,108.30299999999998,106.86799999999998,107.51799999999997,17651
2026-03-31T13:00:00+00:00,107.51799999999997,107.99299999999998,106.58899999999998,106.78899999999997,17737
2026-03-31T14:00:00+00:00,106.78899999999997,108.08399999999997,106.66399999999997,108.04399999999998,19328
2026-03-31T15:00:00+00:00,108.04399999999998,108.04399999999998,106.78899999999997,107.26799999999997,22261
2026-03-31T16:00:00+00:00,107.26799999999997,107.72199999999998,102.68899999999998,104.75799999999998,35639
2026-03-31T17:00:00+00:00,104.75799999999998,105.02299999999998,103.00299999999997,104.76899999999998,36408
2026-03-31T18:00:00+00:00,104.76899999999998,104.88299999999998,103.64199999999998,104.78199999999998,24737
2026-03-31T19:00:00+00:00,104.78199999999998,104.84399999999998,104.05699999999997,104.30799999999998,9849
2026-03-31T20:00:00+00:00,104.30799999999998,104.36899999999997,102.68699999999998,103.32899999999998,16029
2026-04-01T00:00:00+00:00,103.32899999999998,104.94299999999998,103.32899999999998,104.60799999999998,5447.861843492934
2026-04-01T01:00:00+00:00,104.60799999999998,106.07799999999997,104.40699999999998,105.92599999999997,10015
2026-04-01T02:00:00+00:00,105.92599999999997,105.92599999999997,105.35099999999998,105.76599999999998,7592
2026-04-01T03:00:00+00:00,105.76599999999998,105.83299999999998,105.28099999999998,105.42799999999998,4887
2026-04-01T04:00:00+00:00,105.42799999999998,105.58799999999998,104.86099999999998,104.88799999999998,3393
2026-04-01T05:00:00+00:00,104.88799999999998,104.93299999999998,102.96199999999997,103.39099999999998,10018
2026-04-01T06:00:00+00:00,103.39099999999998,103.54299999999998,98.61099999999998,99.07299999999998,29620
2026-04-01T07:00:00+00:00,99.07299999999998,101.49099999999997,98.71099999999998,101.32199999999997,22549
2026-04-01T08:00:00+00:00,101.32199999999997,102.73099999999998,101.08299999999998,102.58599999999998,19144
2026-04-01T09:00:00+00:00,102.58599999999998,104.13099999999997,102.35199999999998,103.84599999999998,15334
2026-04-01T10:00:00+00:00,103.84599999999998,104.21199999999997,102.79199999999997,103.07299999999998,14160
2026-04-01T11:00:00+00:00,103.07299999999998,103.24199999999998,101.25299999999997,101.82799999999997,16347
2026-04-01T12:00:00+00:00,101.82799999999997,102.85699999999999,100.77199999999998,102.68199999999997,24850
2026-04-01T13:00:00+00:00,102.68199999999997,102.97099999999998,100.65599999999998,101.27299999999998,30292
2026-04-01T14:00:00+00:00,101.27299999999998,102.11199999999998,101.07599999999998,101.50199999999998,26646
2026-04-01T15:00:00+00:00,101.50199999999998,102.39199999999998,101.49099999999997,102.08799999999998,20819
2026-04-01T16:00:00+00:00,102.08799999999998,102.54799999999997,101.69099999999997,101.74199999999998,11803
2026-04-01T17:00:00+00:00,101.74199999999998,101.74199999999998,100.01599999999998,100.64299999999997,12771
2026-04-01T18:00:00+00:00,100.64299999999997,101.76799999999997,100.36799999999998,101.29699999999998,17064
2026-04-01T19:00:00+00:00,101.29699999999998,101.43799999999997,100.38099999999997,101.08299999999998,8937
2026-04-01T20:00:00+00:00,101.08299999999998,101.45599999999997,100.32099999999998,100.51699999999998,10906
2026-04-02T00:00:00+00:00,100.51699999999998,100.51699999999998,99.16299999999998,99.56099999999998,9955.4835608149
2026-04-02T01:00:00+00:00,99.56099999999998,106.39299999999997,99.26099999999998,106.00199999999998,38215
2026-04-02T02:00:00+00:00,106.00199999999998,106.56299999999997,105.59599999999998,105.96199999999997,15841
2026-04-02T03:00:00+00:00,105.96199999999997,106.93799999999997,105.71599999999998,106.78299999999997,10852
2026-04-02T04:00:00+00:00,106.78299999999997,108.22299999999997,106.72099999999998,107.27199999999998,16964
2026-04-02T05:00:00+00:00,107.27199999999998,108.06199999999997,106.73199999999997,108.05299999999998,11099
2026-04-02T06:00:00+00:00,108.05299999999998,108.43299999999998,107.40199999999997,107.79199999999997,13784
2026-04-02T07:00:00+00:00,107.79199999999997,108.13299999999998,107.41099999999997,107.82599999999998,9357
2026-04-02T08:00:00+00:00,107.82599999999998,108.97299999999997,107.67599999999997,108.96199999999997,10618
2026-04-02T09:00:00+00:00,108.96199999999997,109.24099999999997,108.35599999999998,108.47299999999997,9179
2026-04-02T10:00:00+00:00,108.47299999999997,109.42299999999997,108.09199999999997,109.31599999999997,11884
2026-04-02T11:00:00+00:00,109.31599999999997,109.78299999999997,108.93199999999997,109.21299999999998,16172
2026-04-02T12:00:00+00:00,109.21299999999998,109.54799999999997,108.61599999999997,108.90099999999998,24060
2026-04-02T13:00:00+00:00,108.90099999999998,109.81299999999997,108.32699999999997,108.39099999999998,35776
2026-04-02T14:00:00+00:00,108.39099999999998,108.75299999999997,105.30299999999998,106.44199999999998,43467
2026-04-02T15:00:00+00:00,106.44199999999998,108.34799999999997,106.09099999999998,107.75399999999998,31053.09512515436
2026-04-02T16:00:00+00:00,107.75399999999998,108.17099999999998,107.22899999999997,107.84999999999998,17917
2026-04-02T17:00:00+00:00,107.84999999999998,109.03999999999998,107.50899999999997,108.75499999999998,17629
2026-04-02T18:00:00+00:00,108.75499999999998,109.29599999999998,108.29899999999998,108.41899999999997,19758
2026-04-02T19:00:00+00:00,108.41899999999997,108.94099999999997,108.11499999999998,108.48999999999998,11244
2026-04-02T20:00:00+00:00,108.48999999999998,109.21599999999998,108.42899999999997,109.15599999999998,10418
2026-04-06T00:00:00+00:00,109.15599999999998,110.97999999999998,108.71499999999997,110.25399999999998,9812.789683981111
2026-04-06T01:00:00+00:00,110.25399999999998,110.62499999999999,109.91299999999998,110.25399999999998,8736
2026-04-06T02:00:00+00:00,110.25399999999998,110.34499999999998,108.66499999999998,109.61899999999999,14128
2026-04-06T03:00:00+00:00,109.61899999999999,110.03499999999998,109.26299999999998,109.49299999999998,11870
2026-04-06T04:00:00+00:00,109.49299999999998,109.53499999999998,109.03999999999998,109.37299999999998,9818
2026-04-06T05:00:00+00:00,109.37299999999998,109.81899999999997,109.22499999999998,109.58299999999998,9741
2026-04-06T06:00:00+00:00,109.58299999999998,110.14999999999998,108.97299999999998,109.02399999999997,13751
2026-04-06T07:00:00+00:00,109.02399999999997,109.38499999999998,106.99499999999998,107.72399999999998,15989
2026-04-06T08:00:00+00:00,107.72399999999998,108.59899999999998,107.25399999999998,107.50399999999998,18836
2026-04-06T09:00:00+00:00,107.50399999999998,108.53499999999998,106.51299999999998,108.30299999999998,15728
2026-04-06T10:00:00+00:00,108.30299999999998,108.55299999999998,107.40399999999998,107.63999999999997,11321
2026-04-06T11:00:00+00:00,107.63999999999997,108.53999999999998,107.45899999999997,108.37999999999998,9364
2026-04-06T12:00:00+00:00,108.37999999999998,108.82399999999998,107.93799999999997,108.03299999999997,11025
2026-04-06T13:00:00+00:00,108.03299999999997,109.01499999999997,107.78899999999997,108.87299999999998,19085
2026-04-06T14:00:00+00:00,108.87299999999998,109.42299999999997,107.53299999999997,108.50499999999998,22373
2026-04-06T15:00:00+00:00,108.50499999999998,109.69999999999997,108.23899999999998,109.18499999999997,15558
2026-04-06T16:00:00+00:00,109.18499999999997,109.32999999999998,108.28799999999998,109.22299999999998,12205
2026-04-06T17:00:00+00:00,109.22299999999998,110.75499999999998,109.17299999999997,110.67799999999998,15622
2026-04-06T18:00:00+00:00,110.67799999999998,110.79499999999997,109.02299999999998,109.44899999999998,22529
2026-04-06T19:00:00+00:00,109.44899999999998,109.80399999999997,108.54299999999998,109.19299999999998,10611
2026-04-06T20:00:00+00:00,109.19299999999998,109.47499999999998,108.88399999999997,109.33499999999998,10286
2026-04-07T00:00:00+00:00,109.33499999999998,110.18899999999998,109.18699999999998,109.84799999999997,8149.178103400608
2026-04-07T01:00:00+00:00,109.84799999999997,110.98799999999997,108.70699999999998,110.87799999999997,15483
2026-04-07T02:00:00+00:00,110.87799999999997,110.98899999999998,110.54699999999998,110.66799999999998,8203
2026-04-07T03:00:00+00:00,110.66799999999998,111.31299999999997,110.53699999999998,111.10799999999998,5571
2026-04-07T04:00:00+00:00,111.10799999999998,111.41799999999998,110.63299999999998,110.76899999999998,6807
2026-04-07T05:00:00+00:00,110.76899999999998,111.29299999999998,110.53699999999998,110.76699999999998,9510
2026-04-07T06:00:00+00:00,110.76699999999998,111.34899999999998,110.59699999999998,110.92699999999998,11383
2026-04-07T07:00:00+00:00,110.92699999999998,111.36699999999998,110.63699999999997,111.29899999999998,9696
2026-04-07T08:00:00+00:00,111.29899999999998,111.35799999999998,108.94799999999998,109.15799999999997,26139
2026-04-07T09:00:00+00:00,109.15799999999997,109.28799999999998,107.04799999999997,108.72199999999998,17647
2026-04-07T10:00:00+00:00,108.72199999999998,110.79699999999998,108.06699999999998,110.10899999999998,24352
2026-04-07T11:00:00+00:00,110.10899999999998,110.52299999999998,109.63199999999998,110.46299999999998,12902
2026-04-07T12:00:00+00:00,110.46299999999998,111.04799999999997,109.44799999999998,110.22899999999997,18701
2026-04-07T13:00:00+00:00,110.22899999999997,110.52899999999998,109.18799999999997,110.21799999999998,20936
2026-04-07T14:00:00+00:00,110.21799999999998,110.61799999999998,109.33699999999997,110.59899999999998,22837
2026-04-07T15:00:00+00:00,110.59899999999998,111.11899999999997,108.68699999999998,109.06299999999997,26408
2026-04-07T16:00:00+00:00,109.06299999999997,109.64899999999997,108.00699999999998,109.52799999999998,20838
2026-04-07T17:00:00+00:00,109.52799999999998,110.59899999999998,108.87699999999998,109.72299999999997,19991
2026-04-07T18:00:00+00:00,109.72299999999997,109.73899999999998,108.53799999999998,109.52799999999998,19906
2026-04-07T19:00:00+00:00,109.52799999999998,109.58899999999998,104.11199999999998,106.80899999999998,32466
2026-04-07T20:00:00+00:00,106.80899999999998,107.28699999999998,104.50899999999997,105.10799999999998,40480
2026-04-08T00:00:00+00:00,105.10799999999998,105.11299999999997,90.12199999999999,92.96699999999998,31088.754760326927
2026-04-08T01:00:00+00:00,92.96699999999998,93.90799999999999,92.51699999999998,93.23899999999999,22595
2026-04-08T02:00:00+00:00,93.23899999999999,94.67399999999998,93.12399999999998,93.83899999999998,14426
2026-04-08T03:00:00+00:00,93.83899999999998,93.83899999999998,92.99699999999999,93.01199999999999,9217
2026-04-08T04:00:00+00:00,93.01199999999999,94.15799999999999,92.55799999999998,93.38799999999998,11819
2026-04-08T05:00:00+00:00,93.38799999999998,93.59899999999999,92.08899999999998,92.26899999999998,16609
2026-04-08T06:00:00+00:00,92.26899999999998,92.51899999999998,90.97199999999998,92.29799999999999,19573
2026-04-08T07:00:00+00:00,92.29799999999999,93.58399999999999,92.28199999999998,93.09699999999998,16673
2026-04-08T08:00:00+00:00,93.09699999999998,94.37399999999998,92.53699999999998,92.76199999999999,23458
2026-04-08T09:00:00+00:00,92.76199999999999,93.28799999999998,91.67799999999998,92.73299999999999,17007
2026-04-08T10:00:00+00:00,92.73299999999999,93.49899999999998,92.02299999999998,92.52899999999998,14553
2026-04-08T11:00:00+00:00,92.52899999999998,92.64899999999999,90.75699999999998,90.80399999999999,20531
2026-04-08T12:00:00+00:00,90.80399999999999,92.20899999999999,89.52699999999999,89.64199999999998,36517
2026-04-08T13:00:00+00:00,89.64199999999998,91.30299999999998,88.81699999999998,90.58799999999998,35402
2026-04-08T14:00:00+00:00,90.58799999999998,93.60899999999998,90.41699999999999,92.98399999999998,35291
2026-04-08T15:00:00+00:00,92.98399999999998,94.23199999999999,92.81899999999999,93.11399999999999,26517
2026-04-08T16:00:00+00:00,93.11399999999999,93.77899999999998,92.51699999999998,92.92399999999998,20266
2026-04-08T17:00:00+00:00,92.92399999999998,94.20899999999999,92.50699999999998,93.48399999999998,21387
2026-04-08T18:00:00+00:00,93.48399999999998,94.34899999999999,92.51699999999998,94.05799999999998,26352
2026-04-08T19:00:00+00:00,94.05799999999998,95.63799999999998,94.05399999999999,94.63399999999999,15468
2026-04-08T20:00:00+00:00,94.63399999999999,94.90899999999998,93.92899999999999,94.62799999999999,11384
2026-04-09T00:00:00+00:00,94.62799999999999,96.34299999999999,94.56599999999999,96.24099999999999,10778.934918140807
2026-04-09T01:00:00+00:00,96.24099999999999,96.24299999999998,95.28099999999999,95.33299999999998,12011
2026-04-09T02:00:00+00:00,95.33299999999998,95.39599999999999,94.94599999999998,95.28299999999999,7771
2026-04-09T03:00:00+00:00,95.28299999999999,95.31799999999998,94.895,95.05499999999999,4977.668434643032
2026-04-09T04:00:00+00:00,95.05499999999999,95.74499999999999,94.987,95.74199999999999,3596
2026-04-09T05:00:00+00:00,95.74199999999999,95.91699999999999,95.1,95.21499999999999,8767
2026-04-09T06:00:00+00:00,95.21499999999999,95.68199999999999,94.847,95.297,11227
2026-04-09T07:00:00+00:00,95.297,96.91699999999999,95.166,96.80099999999999,11688
2026-04-09T08:00:00+00:00,96.80099999999999,96.812,96.04499999999999,96.55,14761
2026-04-09T09:00:00+00:00,96.55,96.59599999999999,95.74099999999999,96.26599999999999,8793
2026-04-09T10:00:00+00:00,96.26599999999999,97.127,96.1,97.082,12075
2026-04-09T11:00:00+00:00,97.082,97.317,95.91999999999999,96.23599999999999,14940
2026-04-09T12:00:00+00:00,96.23599999999999,97.19699999999999,96.04499999999999,96.74999999999999,14904
2026-04-09T13:00:00+00:00,96.74999999999999,97.067,96.226,96.97699999999999,22543
2026-04-09T14:00:00+00:00,96.97699999999999,97.78699999999999,96.62499999999999,97.55499999999999,22630
2026-04-09T15:00:00+00:00,97.55499999999999,97.886,94.48599999999999,95.05,41631
2026-04-09T16:00:00+00:00,95.05,95.097,93.44099999999999,94.11999999999999,30507
2026-04-09T17:00:00+00:00,94.11999999999999,94.22699999999999,92.62599999999999,93.33699999999999,23413
2026-04-09T18:00:00+00:00,93.33699999999999,95.487,93.25999999999999,94.91199999999999,27035
2026-04-09T19:00:00+00:00,94.91199999999999,95.77,94.58099999999999,95.64699999999999,10994
2026-04-09T20:00:00+00:00,95.64699999999999,95.695,94.666,94.85199999999999,11843
2026-04-10T00:00:00+00:00,94.85199999999999,95.473,94.85199999999999,95.29299999999999,5108.122673867037
2026-04-10T01:00:00+00:00,95.29299999999999,95.443,94.44099999999999,94.83099999999999,8935
2026-04-10T02:00:00+00:00,94.83099999999999,95.14099999999999,94.64099999999999,94.87599999999999,5102
2026-04-10T03:00:00+00:00,94.87599999999999,95.118,94.442,94.54199999999999,5342
2026-04-10T04:00:00+00:00,94.54199999999999,95.112,94.50099999999999,95.06299999999999,4454
2026-04-10T05:00:00+00:00,95.06299999999999,95.38699999999999,94.94099999999999,95.26199999999999,5035
2026-04-10T06:00:00+00:00,95.26199999999999,95.448,94.713,95.31099999999999,7277
2026-04-10T07:00:00+00:00,95.31099999999999,96.336,95.24099999999999,96.02699999999999,11045
2026-04-10T08:00:00+00:00,96.02699999999999,96.65199999999999,95.63099999999999,96.42299999999999,12913
2026-04-10T09:00:00+00:00,96.42299999999999,96.42299999999999,94.56599999999999,94.93599999999999,14626
2026-04-10T10:00:00+00:00,94.93599999999999,95.368,93.86099999999999,94.291,10949
2026-04-10T11:00:00+00:00,94.291,94.836,94.08099999999999,94.353,8813
2026-04-10T12:00:00+00:00,94.353,94.52099999999999,93.34299999999999,94.30799999999999,14325
2026-04-10T13:00:00+00:00,94.30799999999999,94.701,93.576,94.442,19019
2026-04-10T14:00:00+00:00,94.442,94.693,93.541,94.20299999999999,22073
2026-04-10T15:00:00+00:00,94.20299999999999,95.62299999999999,94.10799999999999,95.475,25929.019958706125
2026-04-10T16:00:00+00:00,95.475,95.845,95.05799999999999,95.17999999999999,15557
2026-04-10T17:00:00+00:00,95.17999999999999,95.49499999999999,94.66799999999999,94.87899999999999,12756
2026-04-10T18:00:00+00:00,94.87899999999999,95.11,92.645,93.008,21826
2026-04-10T19:00:00+00:00,93.008,93.17399999999999,92.66399999999999,93.05799999999999,8861
2026-04-10T20:00:00+00:00,93.05799999999999,93.08999999999999,92.698,92.735,3931
2026-04-13T00:00:00+00:00,92.735,102.082,92.68900000000001,100.97699999999999,7535.2282862432585
2026-04-13T01:00:00+00:00,100.97699999999999,100.97699999999999,99.955,100.27499999999999,11108
2026-04-13T02:00:00+00:00,100.27499999999999,101.027,100.265,100.77499999999999,5864
2026-04-13T03:00:00+00:00,100.77499999999999,101.002,100.69699999999999,100.72999999999999,3709
2026-04-13T04:00:00+00:00,100.72999999999999,100.872,100.607,100.762,3611
2026-04-13T05:00:00+00:00,100.762,100.91199999999999,100.425,100.567,4683
2026-04-13T06:00:00+00:00,100.567,100.707,99.94999999999999,100.035,7634
2026-04-13T07:00:00+00:00,100.035,100.69699999999999,99.747,100.59599999999999,8761
2026-04-13T08:00:00+00:00,100.59599999999999,101.932,100.381,101.392,13520
2026-04-13T09:00:00+00:00,101.392,101.571,100.975,101.182,7937
2026-04-13T10:00:00+00:00,101.182,101.19699999999999,100.496,100.59599999999999,6862
2026-04-13T11:00:00+00:00,100.59599999999999,100.985,100.395,100.851,8939
2026-04-13T12:00:00+00:00,100.851,101.21199999999999,100.065,100.491,11794
2026-04-13T13:00:00+00:00,100.491,100.636,97.35499999999999,98.83,25593
2026-04-13T14:00:00+00:00,98.83,99.532,98.14699999999999,99.121,24227
2026-04-13T15:00:00+00:00,99.121,100.835,99.086,100.661,23574
2026-04-13T16:00:00+00:00,100.661,100.82199999999999,98.115,98.485,32000
2026-04-13T17:00:00+00:00,98.485,98.716,97.595,97.81099999999999,18029
2026-04-13T18:00:00+00:00,97.81099999999999,98.44,96.176,96.306,21326
2026-04-13T19:00:00+00:00,96.306,97.222,96.205,96.851,10345
2026-04-13T20:00:00+00:00,96.851,97.057,96.345,96.695,7005
2026-04-14T00:00:00+00:00,96.695,96.726,95.09,95.272,6545.06680008281
2026-04-14T01:00:00+00:00,95.272,96.652,95.272,96.532,8168
2026-04-14T02:00:00+00:00,96.532,96.82600000000001,96.256,96.711,4793
2026-04-14T03:00:00+00:00,96.711,97.297,96.54,96.781,5273
2026-04-14T04:00:00+00:00,96.781,96.802,96.301,96.491,3764
2026-04-14T05:00:00+00:00,96.491,97.262,96.43,97.18,5613
2026-04-14T06:00:00+00:00,97.18,98.027,96.87,97.775,8607
2026-04-14T07:00:00+00:00,97.775,97.822,96.065,97.212,16408
2026-04-14T08:00:00+00:00,97.212,97.561,96.70100000000001,96.70700000000001,14596
2026-04-14T09:00:00+00:00,96.70700000000001,97.702,96.486,97.3,8245
2026-04-14T10:00:00+00:00,97.3,97.837,97.012,97.637,7973
2026-04-14T11:00:00+00:00,97.637,97.912,96.6,97.341,10689
2026-04-14T12:00:00+00:00,97.341,97.351,96.077,96.336,15184
2026-04-14T13:00:00+00:00,96.336,96.637,95.33,95.425,20467
2026-04-14T14:00:00+00:00,95.425,95.425,93.47,94.387,28845
2026-04-14T15:00:00+00:00,94.387,95.337,93.72,94.037,25407
2026-04-14T16:00:00+00:00,94.037,94.267,93.265,93.892,14468
2026-04-14T17:00:00+00:00,93.892,94.146,93.291,93.697,12338
2026-04-14T18:00:00+00:00,93.697,93.811,93.042,93.726,14939
2026-04-14T19:00:00+00:00,93.726,93.905,93.471,93.797,5140
2026-04-14T20:00:00+00:00,93.797,93.947,93.276,93.802,6283
2026-04-15T00:00:00+00:00,93.802,93.894,92.906,92.957,5526.327489323443
2026-04-15T01:00:00+00:00,92.957,93.398,92.636,93.228,8746
2026-04-15T02:00:00+00:00,93.228,93.987,93.126,93.962,5719
2026-04-15T03:00:00+00:00,93.962,94.153,93.716,93.761,4955
2026-04-15T04:00:00+00:00,93.761,94.493,93.712,94.422,3244
2026-04-15T05:00:00+00:00,94.422,94.478,94.023,94.078,4829
2026-04-15T06:00:00+00:00,94.078,94.117,92.891,93.397,8623
2026-04-15T07:00:00+00:00,93.397,94.078,93.381,93.486,10174
2026-04-15T08:00:00+00:00,93.486,94.383,93.216,94.048,13469
2026-04-15T09:00:00+00:00,94.048,95.062,93.986,94.822,12960
2026-04-15T10:00:00+00:00,94.822,95.596,94.31099999999999,94.838,15230
2026-04-15T11:00:00+00:00,94.838,95.122,93.648,94.101,13020
2026-04-15T12:00:00+00:00,94.101,94.591,93.876,93.998,13233
2026-04-15T13:00:00+00:00,93.998,94.192,92.968,93.262,22632
2026-04-15T14:00:00+00:00,93.262,94.133,92.776,93.801,23254
2026-04-15T15:00:00+00:00,93.801,94.581,93.646,94.442,23574
2026-04-15T16:00:00+00:00,94.442,94.63799999999999,93.93299999999999,94.389,12665.017123287671
2026-04-15T17:00:00+00:00,94.389,94.50999999999999,93.80799999999999,94.255,10999
2026-04-15T18:00:00+00:00,94.255,94.419,93.35799999999999,93.484,16974
2026-04-15T19:00:00+00:00,93.484,93.67399999999999,93.268,93.484,5246
2026-04-15T20:00:00+00:00,93.484,93.69999999999999,93.47999999999999,93.628,2409
2026-04-16T00:00:00+00:00,93.628,93.664,93.148,93.43,3422.5487561285636
2026-04-16T01:00:00+00:00,93.43,93.788,93.255,93.728,4563
2026-04-16T02:00:00+00:00,93.728,94,93.624,93.734,3436
2026-04-16T03:00:00+00:00,93.734,93.775,93.493,93.685,2723
2026-04-16T04:00:00+00:00,93.685,93.86,93.648,93.734,2120
2026-04-16T05:00:00+00:00,93.734,93.805,93.383,93.488,3439
2026-04-16T06:00:00+00:00,93.488,93.86,93.32,93.824,4485
2026-04-16T07:00:00+00:00,93.824,95.045,93.773,95.034,8724
2026-04-16T08:00:00+00:00,95.034,95.554,94.959,95.074,11234
2026-04-16T09:00:00+00:00,95.074,95.295,94.838,95.165,5645
2026-04-16T10:00:00+00:00,95.165,95.205,94.574,94.588,4693
2026-04-16T11:00:00+00:00,94.588,94.66,94.138,94.475,7679
2026-04-16T12:00:00+00:00,94.475,95.195,94.163,95.184,8710
2026-04-16T13:00:00+00:00,95.184,96.55799999999999,94.874,96.255,15982
2026-04-16T14:00:00+00:00,96.255,97.029,96.008,96.699,15962
2026-04-16T15:00:00+00:00,96.699,97.549,96.17,97.005,21878
2026-04-16T16:00:00+00:00,97.005,98.379,96.994,98.24,14986
2026-04-16T17:00:00+00:00,98.24,98.51,98.063,98.354,10987
2026-04-16T18:00:00+00:00,98.354,98.359,97.254,97.285,14604
2026-04-16T19:00:00+00:00,97.285,97.554,96.768,96.934,6362
2026-04-16T20:00:00+00:00,96.934,97,96.688,96.729,3428
2026-04-17T00:00:00+00:00,96.729,97.235,96.711,97.074,3165.556701030928
2026-04-17T01:00:00+00:00,97.074,97.451,96.999,97.08399999999999,4413
2026-04-17T02:00:00+00:00,97.08399999999999,97.28599999999999,96.886,97.00899999999999,2578
2026-04-17T03:00:00+00:00,97.00899999999999,97.199,96.889,97.02,1912
2026-04-17T04:00:00+00:00,97.02,97.035,96.81599999999999,96.86699999999999,1703.7676348547718
2026-04-17T05:00:00+00:00,96.86699999999999,97.00299999999999,96.78099999999999,96.951,3504
2026-04-17T06:00:00+00:00,96.951,97.68799999999999,96.92599999999999,97.48599999999999,5552
2026-04-17T07:00:00+00:00,97.48599999999999,97.75299999999999,97.097,97.17099999999999,7992
2026-04-17T08:00:00+00:00,97.17099999999999,97.338,95.957,96.231,13484
2026-04-17T09:00:00+00:00,96.231,96.591,94.78199999999998,94.97299999999998,13214
2026-04-17T10:00:00+00:00,94.97299999999998,95.31199999999998,94.35699999999999,95.091,10225
2026-04-17T11:00:00+00:00,95.091,95.213,94.61099999999999,94.81799999999998,7575
2026-04-17T12:00:00+00:00,94.81799999999998,95.03299999999999,88.362,89.24099999999999,39185
2026-04-17T13:00:00+00:00,89.24099999999999,90.02799999999999,86.51199999999999,87.68099999999998,52854
2026-04-17T14:00:00+00:00,87.68099999999998,87.83699999999999,84.862,85.993,37765
2026-04-17T15:00:00+00:00,85.993,88.37599999999999,85.72599999999998,87.72199999999998,35463.315037075605
2026-04-17T16:00:00+00:00,87.72199999999998,88.04899999999999,87.13799999999999,87.61299999999999,14546
2026-04-17T17:00:00+00:00,87.61299999999999,89.51799999999999,87.52699999999999,88.68399999999998,18846
2026-04-17T18:00:00+00:00,88.68399999999998,90.10799999999999,88.18799999999999,89.83399999999999,18796
2026-04-17T19:00:00+00:00,89.83399999999999,89.86899999999999,89.00799999999998,89.50199999999998,7088
2026-04-17T20:00:00+00:00,89.50199999999998,89.90899999999999,89.332,89.87199999999999,3978
2026-04-20T00:00:00+00:00,89.87199999999999,95.69099999999999,89.82599999999998,94.48799999999999,7848.761171179791
2026-04-20T01:00:00+00:00,94.48799999999999,94.48799999999999,93.26599999999999,93.34799999999998,13070
2026-04-20T02:00:00+00:00,93.34799999999998,93.99099999999999,93.30599999999998,93.79699999999998,7031
2026-04-20T03:00:00+00:00,93.79699999999998,94.12799999999999,93.79599999999999,93.99099999999999,3397
2026-04-20T04:00:00+00:00,93.99099999999999,94.39699999999999,93.86099999999999,93.98199999999999,3051
2026-04-20T05:00:00+00:00,93.98199999999999,94.31099999999999,93.78599999999999,93.89799999999998,4570
2026-04-20T06:00:00+00:00,93.89799999999998,94.57799999999999,93.66599999999998,93.89299999999999,8229
2026-04-20T07:00:00+00:00,93.89299999999999,94.95299999999999,93.05099999999999,94.34599999999999,13696
2026-04-20T08:00:00+00:00,94.34599999999999,94.96799999999999,93.90599999999999,93.948,15013
2026-04-20T09:00:00+00:00,93.948,94.16099999999999,93.21199999999999,93.67699999999999,9546
2026-04-20T10:00:00+00:00,93.67699999999999,93.80299999999998,92.76099999999998,93.67199999999998,8390
2026-04-20T11:00:00+00:00,93.67199999999998,94.09599999999999,93.26699999999998,93.39199999999998,10530
2026-04-20T12:00:00+00:00,93.39199999999998,93.96299999999998,93.21099999999998,93.59199999999998,12415
2026-04-20T13:00:00+00:00,93.59199999999998,93.85599999999998,91.49099999999999,92.45199999999998,28559
2026-04-20T14:00:00+00:00,92.45199999999998,95.00599999999999,92.45199999999998,94.20299999999999,24775
2026-04-20T15:00:00+00:00,94.20299999999999,94.56799999999998,93.55699999999999,94.18099999999998,23978
2026-04-20T16:00:00+00:00,94.18099999999998,94.39799999999998,93.78599999999999,94.06199999999998,11351
2026-04-20T17:00:00+00:00,94.06199999999998,94.61699999999999,93.84099999999998,94.14299999999999,10883
2026-04-20T18:00:00+00:00,94.14299999999999,94.61799999999998,93.76099999999998,94.192,12315
2026-04-20T19:00:00+00:00,94.192,94.24699999999999,93.66599999999998,93.74699999999999,4410
2026-04-20T20:00:00+00:00,93.74699999999999,93.87599999999999,92.69099999999999,93.02799999999999,5635
2026-04-21T00:00:00+00:00,93.02799999999999,93.68499999999999,92.98699999999998,93.58499999999998,3774.35927701955
2026-04-21T01:00:00+00:00,93.58499999999998,93.88599999999998,93.56999999999998,93.84599999999998,4649
2026-04-21T02:00:00+00:00,93.84599999999998,93.91699999999999,93.54999999999998,93.68099999999998,2431
2026-04-21T03:00:00+00:00,93.68099999999998,93.89599999999999,93.60499999999998,93.72699999999998,2041
2026-04-21T04:00:00+00:00,93.72699999999998,93.73199999999999,93.36299999999999,93.36499999999998,1452.2312661498709
2026-04-21T05:00:00+00:00,93.36499999999998,93.36499999999998,92.59799999999998,93.15799999999999,4458
2026-04-21T06:00:00+00:00,93.15799999999999,93.78899999999999,93.13899999999998,93.66299999999998,4904
2026-04-21T07:00:00+00:00,93.66299999999998,94.40399999999998,92.77299999999998,93.49799999999998,9939
2026-04-21T08:00:00+00:00,93.49799999999998,93.88499999999998,93.01299999999998,93.68899999999998,11764
2026-04-21T09:00:00+00:00,93.68899999999998,94.28999999999998,93.41799999999998,93.53299999999999,8360
2026-04-21T10:00:00+00:00,93.53299999999999,93.65399999999998,92.86799999999998,93.20399999999998,7104
2026-04-21T11:00:00+00:00,93.20399999999998,94.13999999999999,93.17299999999999,94.02999999999999,9935
2026-04-21T12:00:00+00:00,94.02999999999999,94.37999999999998,93.46299999999998,93.97899999999998,12847
2026-04-21T13:00:00+00:00,93.97899999999998,94.02499999999998,93.29999999999998,93.53799999999998,14397
2026-04-21T14:00:00+00:00,93.53799999999998,95.48499999999999,93.52299999999998,95.41999999999999,18479
2026-04-21T15:00:00+00:00,95.41999999999999,97.03499999999998,95.17799999999998,96.65899999999998,22607
2026-04-21T16:00:00+00:00,96.65899999999998,97.61999999999998,96.29999999999998,97.60299999999998,13883
2026-04-21T17:00:00+00:00,97.60299999999998,98.67999999999998,96.02799999999998,96.75499999999998,27810
2026-04-21T18:00:00+00:00,96.75499999999998,97.47499999999998,95.38999999999999,96.31799999999998,22575
2026-04-21T19:00:00+00:00,96.31799999999998,99.87499999999999,95.31999999999998,99.40799999999999,26444
2026-04-21T20:00:00+00:00,99.40799999999999,99.72499999999998,95.51899999999998,97.95999999999998,23008
2026-04-22T00:00:00+00:00,97.95999999999998,98.10299999999998,96.50399999999998,97.38799999999998,7834.367577240523
2026-04-22T01:00:00+00:00,97.38799999999998,97.38799999999998,96.71299999999998,97.12399999999998,7587
2026-04-22T02:00:00+00:00,97.12399999999998,97.24799999999998,96.89299999999999,97.07999999999998,4301
2026-04-22T03:00:00+00:00,97.07999999999998,97.47499999999998,96.83999999999999,96.97799999999998,3837
2026-04-22T04:00:00+00:00,96.97799999999998,97.39899999999999,96.89799999999998,97.36899999999999,3406
2026-04-22T05:00:00+00:00,97.36899999999999,97.37499999999999,95.32299999999998,96.65499999999999,10675
2026-04-22T06:00:00+00:00,96.65499999999999,96.86899999999999,96.33399999999999,96.43299999999998,6767
2026-04-22T07:00:00+00:00,96.43299999999998,97.22799999999998,96.23299999999999,97.20399999999998,9398
2026-04-22T08:00:00+00:00,97.20399999999998,99.17399999999998,97.06299999999999,98.33899999999998,16889
2026-04-22T09:00:00+00:00,98.33899999999998,98.89999999999998,97.82799999999999,98.57899999999998,11776
2026-04-22T10:00:00+00:00,98.57899999999998,98.64499999999998,97.63799999999998,97.84299999999999,9652
2026-04-22T11:00:00+00:00,97.84299999999999,98.43499999999999,97.64799999999998,98.10499999999999,9879
2026-04-22T12:00:00+00:00,98.10499999999999,99.28499999999998,97.63299999999998,99.04499999999999,15732
2026-04-22T13:00:00+00:00,99.04499999999999,99.58499999999998,97.80299999999998,99.37499999999999,26612
2026-04-22T14:00:00+00:00,99.37499999999999,100.43499999999999,98.79799999999999,100.14299999999999,23440
2026-04-22T15:00:00+00:00,100.14299999999999,100.82299999999998,99.12299999999998,100.59799999999998,25591
2026-04-22T16:00:00+00:00,100.59799999999998,101.08499999999998,100.34499999999998,100.97999999999999,12639
2026-04-22T17:00:00+00:00,100.97999999999999,101.06399999999998,99.91299999999998,100.30399999999999,17189
2026-04-22T18:00:00+00:00,100.30399999999999,101.02499999999998,100.28999999999998,100.73799999999999,10475
2026-04-22T19:00:00+00:00,100.73799999999999,100.87899999999998,100.02799999999998,100.24299999999998,6169
2026-04-22T20:00:00+00:00,100.24299999999998,100.72999999999999,100.04299999999999,100.57799999999999,3813.641623488774
2026-04-23T00:00:00+00:00,100.57799999999999,104.896,100.41499999999999,100.78399999999999,16162.260347551342
2026-04-23T01:00:00+00:00,100.78399999999999,101.355,100.654,101.035,7767
2026-04-23T02:00:00+00:00,101.035,102.916,101.03399999999999,102.80499999999999,8639
2026-04-23T03:00:00+00:00,102.80499999999999,102.946,101.984,102.146,8315
2026-04-23T04:00:00+00:00,102.146,102.25099999999999,101.744,101.774,3921
2026-04-23T05:00:00+00:00,101.774,102.19,101.575,101.594,5772
2026-04-23T06:00:00+00:00,101.594,102.486,101.345,102.184,8297
2026-04-23T07:00:00+00:00,102.184,102.454,100.99499999999999,101.526,13756
2026-04-23T08:00:00+00:00,101.526,102.89099999999999,101.39999999999999,102.731,15230
2026-04-23T09:00:00+00:00,102.731,103.476,102.084,102.746,11543
2026-04-23T10:00:00+00:00,102.746,102.846,101.51599999999999,101.681,7611
2026-04-23T11:00:00+00:00,101.681,101.93599999999999,100.89999999999999,101.101,12589
2026-04-23T12:00:00+00:00,101.101,101.716,100.045,100.981,21256
2026-04-23T13:00:00+00:00,100.981,102.00099999999999,100.794,101.709,18461
2026-04-23T14:00:00+00:00,101.709,102.396,101.11,101.124,22978
2026-04-23T15:00:00+00:00,101.124,102.67399999999999,101.05499999999999,102.374,20829
2026-04-23T16:00:00+00:00,102.374,102.63,101.789,102.344,12483
2026-04-23T17:00:00+00:00,102.344,106.155,102.339,103.814,43694
2026-04-23T18:00:00+00:00,103.814,104.666,102.931,104.451,26515
2026-04-23T19:00:00+00:00,104.451,104.715,103.925,104.55,9781
2026-04-23T20:00:00+00:00,104.55,105.615,104.54599999999999,105.23899999999999,7443
2026-04-24T00:00:00+00:00,105.23899999999999,105.828,104.80199999999999,105.444,4695.424099520286
2026-04-24T01:00:00+00:00,105.444,105.844,104.883,105.199,6398
2026-04-24T02:00:00+00:00,105.199,105.244,104.603,104.628,3886
2026-04-24T03:00:00+00:00,104.628,104.904,104.022,104.897,3551
2026-04-24T04:00:00+00:00,104.897,105.014,104.292,104.332,2779
2026-04-24T05:00:00+00:00,104.332,104.528,103.862,104.313,5033
2026-04-24T06:00:00+00:00,104.313,105.034,103.842,104.938,7595
2026-04-24T07:00:00+00:00,104.938,105.228,104.332,105.04899999999999,7845
2026-04-24T08:00:00+00:00,105.04899999999999,106.132,105.04899999999999,105.392,14508
2026-04-24T09:00:00+00:00,105.392,106.289,105.078,106.204,8326
2026-04-24T10:00:00+00:00,106.204,106.223,105.402,105.448,7558
2026-04-24T11:00:00+00:00,105.448,105.473,102.232,103.147,29475
2026-04-24T12:00:00+00:00,103.147,105.159,102.852,104.528,17645
2026-04-24T13:00:00+00:00,104.528,104.528,103.272,104.014,20446
2026-04-24T14:00:00+00:00,104.014,104.464,103.42699999999999,104.077,21152
2026-04-24T15:00:00+00:00,104.077,105.173,102.568,103.568,28182.649223432367
2026-04-24T16:00:00+00:00,103.568,104.36,103.14399999999999,103.77,17369
2026-04-24T17:00:00+00:00,103.77,104.02999999999999,102.75899999999999,103.62899999999999,15816
2026-04-24T18:00:00+00:00,103.62899999999999,104.56899999999999,103.56899999999999,104.17899999999999,13114
2026-04-24T19:00:00+00:00,104.17899999999999,105.16499999999999,104.08,104.85799999999999,8266
2026-04-24T20:00:00+00:00,104.85799999999999,105.72999999999999,104.848,105.214,4121
2026-04-27T00:00:00+00:00,105.214,106.744,105.168,106.204,5029.371085261409
2026-04-27T01:00:00+00:00,106.204,106.384,105.474,106.203,8391
2026-04-27T02:00:00+00:00,106.203,106.203,105.422,105.43299999999999,3848
2026-04-27T03:00:00+00:00,105.43299999999999,105.664,105.198,105.624,4339
2026-04-27T04:00:00+00:00,105.624,105.999,105.503,105.922,2778
2026-04-27T05:00:00+00:00,105.922,106.583,105.892,106.384,5685
2026-04-27T06:00:00+00:00,106.384,106.842,106.313,106.453,5796
2026-04-27T07:00:00+00:00,106.453,107.253,106.422,107.218,8306
2026-04-27T08:00:00+00:00,107.218,107.50399999999999,106.714,106.847,12194
2026-04-27T09:00:00+00:00,106.847,107.224,106.637,106.87899999999999,5747
2026-04-27T10:00:00+00:00,106.87899999999999,106.914,105.383,105.713,7629
2026-04-27T11:00:00+00:00,105.713,105.75399999999999,104.837,105.437,8588
2026-04-27T12:00:00+00:00,105.437,106.588,105.073,106.37299999999999,12239
2026-04-27T13:00:00+00:00,106.37299999999999,106.759,105.86399999999999,106.327,16486
2026-04-27T14:00:00+00:00,106.327,107.584,106.152,107.52799999999999,20931
2026-04-27T15:00:00+00:00,107.52799999999999,108.333,107.092,107.133,17590
2026-04-27T16:00:00+00:00,107.133,107.774,107.062,107.702,8591
2026-04-27T17:00:00+00:00,107.702,108.80799999999999,107.229,107.788,13650
2026-04-27T18:00:00+00:00,107.788,108.74799999999999,107.02199999999999,107.222,14443
2026-04-27T19:00:00+00:00,107.222,107.469,106.682,107.11399999999999,6319
2026-04-27T20:00:00+00:00,107.11399999999999,107.429,106.947,107.314,4283
2026-04-28T00:00:00+00:00,107.314,107.874,106.942,107.724,3706.205715556544
2026-04-28T01:00:00+00:00,107.724,108.268,107.548,108.222,4031
2026-04-28T02:00:00+00:00,108.222,108.51899999999999,108.213,108.38199999999999,2817
2026-04-28T03:00:00+00:00,108.38199999999999,108.604,108.122,108.60199999999999,2058
2026-04-28T04:00:00+00:00,108.60199999999999,108.77799999999999,108.332,108.50399999999999,1872
2026-04-28T05:00:00+00:00,108.50399999999999,110.339,108.41199999999999,109.463,6784
2026-04-28T06:00:00+00:00,109.463,109.899,108.74199999999999,109.843,6680
2026-04-28T07:00:00+00:00,109.843,110.878,109.722,110.262,11586
2026-04-28T08:00:00+00:00,110.262,110.429,109.258,109.878,12585
2026-04-28T09:00:00+00:00,109.878,110.598,109.878,110.399,7679
2026-04-28T10:00:00+00:00,110.399,110.634,109.914,110.232,6707
2026-04-28T11:00:00+00:00,110.232,111.719,110.10199999999999,111.42699999999999,12454
2026-04-28T12:00:00+00:00,111.42699999999999,111.509,109.01299999999999,110.038,22590
2026-04-28T13:00:00+00:00,110.038,110.954,109.012,109.872,25407
2026-04-28T14:00:00+00:00,109.872,110.78699999999999,109.518,109.55799999999999,22803
2026-04-28T15:00:00+00:00,109.55799999999999,110.844,109.392,110.124,22369
2026-04-28T16:00:00+00:00,110.124,110.663,109.30199999999999,109.414,12553
2026-04-28T17:00:00+00:00,109.414,110.249,109.304,110.212,9743
2026-04-28T18:00:00+00:00,110.212,110.604,109.642,110.213,10743
2026-04-28T19:00:00+00:00,110.213,110.28399999999999,110.072,110.198,4008
2026-04-28T20:00:00+00:00,110.198,110.204,109.702,110.204,4094
2026-04-29T00:00:00+00:00,110.204,110.21,109.51599999999999,109.83599999999998,3699.202707880955
2026-04-29T01:00:00+00:00,109.83599999999998,110.948,109.80099999999999,110.63099999999999,6981
2026-04-29T02:00:00+00:00,110.63099999999999,110.63099999999999,109.18599999999999,110.097,6850
2026-04-29T03:00:00+00:00,110.097,110.24799999999999,109.606,110.10699999999999,3783
2026-04-29T04:00:00+00:00,110.10699999999999,110.458,110.056,110.39599999999999,2192
2026-04-29T05:00:00+00:00,110.39599999999999,110.76799999999999,110.37599999999999,110.737,3383
2026-04-29T06:00:00+00:00,110.737,111.451,110.496,111.306,5321
2026-04-29T07:00:00+00:00,111.306,112.51299999999999,111.056,112.30799999999999,9931
2026-04-29T08:00:00+00:00,112.30799999999999,114.42299999999999,112.26599999999999,113.61299999999999,17222
2026-04-29T09:00:00+00:00,113.61299999999999,113.928,113.02699999999999,113.66799999999999,10201
2026-04-29T10:00:00+00:00,113.66799999999999,113.823,113.18799999999999,113.22599999999998,7070
2026-04-29T11:00:00+00:00,113.22599999999998,113.86299999999999,113.16699999999999,113.856,9216
2026-04-29T12:00:00+00:00,113.856,114.63199999999999,113.35699999999999,114.413,12829
2026-04-29T13:00:00+00:00,114.413,116.37299999999999,114.09599999999999,116.136,23370
2026-04-29T14:00:00+00:00,116.136,116.49699999999999,115.59599999999999,116.356,18265
2026-04-29T15:00:00+00:00,116.356,118.288,116.121,118.088,21229
2026-04-29T16:00:00+00:00,118.088,118.50099999999999,117.16599999999998,118.28699999999999,14642.01088807989
2026-04-29T17:00:00+00:00,118.28699999999999,118.82199999999999,117.18499999999999,117.46699999999998,16581
2026-04-29T18:00:00+00:00,117.46699999999998,118.067,116.68699999999998,117.68699999999998,16209
2026-04-29T19:00:00+00:00,117.68699999999998,119.317,117.60499999999999,118.82699999999998,8512
2026-04-29T20:00:00+00:00,118.82699999999998,119.35699999999999,118.567,119.29599999999999,6533
2026-04-30T00:00:00+00:00,119.29599999999999,119.35399999999998,109.58199999999998,110.40299999999999,7850.54820783551
2026-04-30T01:00:00+00:00,110.40299999999999,110.60399999999998,109.80899999999998,109.84699999999998,8559
2026-04-30T02:00:00+00:00,109.84699999999998,111.76399999999998,109.81199999999998,111.12799999999999,11799
2026-04-30T03:00:00+00:00,111.12799999999999,112.36299999999999,110.91399999999999,112.03299999999999,10436
2026-04-30T04:00:00+00:00,112.03299999999999,113.78299999999999,111.98199999999999,112.77399999999999,14555
2026-04-30T05:00:00+00:00,112.77399999999999,112.95399999999998,112.13299999999998,112.64299999999999,9193
2026-04-30T06:00:00+00:00,112.64299999999999,113.33899999999998,111.44399999999999,111.50299999999999,16144
2026-04-30T07:00:00+00:00,111.50299999999999,111.66399999999999,110.46399999999998,111.01199999999999,15555
2026-04-30T08:00:00+00:00,111.01199999999999,111.32299999999998,110.45699999999998,110.97299999999998,15114
2026-04-30T09:00:00+00:00,110.97299999999998,111.59399999999998,108.75199999999998,109.52299999999998,23402
2026-04-30T10:00:00+00:00,109.52299999999998,110.08399999999999,108.75699999999999,109.31199999999998,16731
2026-04-30T11:00:00+00:00,109.31199999999998,109.32399999999998,106.18199999999999,107.95299999999999,27227
2026-04-30T12:00:00+00:00,107.95299999999999,109.05199999999999,107.77699999999999,108.41399999999999,18766
2026-04-30T13:00:00+00:00,108.41399999999999,109.01699999999998,107.17399999999999,108.80699999999999,28113
2026-04-30T14:00:00+00:00,108.80699999999999,110.06299999999999,108.55799999999999,109.73399999999998,32194
2026-04-30T15:00:00+00:00,109.73399999999998,110.20399999999998,108.26799999999999,108.70399999999998,39883
2026-04-30T16:00:00+00:00,108.70399999999998,109.40199999999999,108.66699999999999,109.12799999999999,15709
2026-04-30T17:00:00+00:00,109.12799999999999,109.12799999999999,107.71699999999998,108.04899999999999,21777
2026-04-30T18:00:00+00:00,108.04899999999999,110.18399999999998,107.90199999999999,110.03799999999998,19648
2026-04-30T19:00:00+00:00,110.03799999999998,110.11899999999999,109.44199999999998,110.10399999999998,9033
2026-04-30T20:00:00+00:00,110.10399999999998,110.91399999999999,109.96199999999999,110.29199999999999,7714
2026-05-01T00:00:00+00:00,110.29199999999999,110.95999999999998,110.24999999999997,110.80499999999998,3670.3465698509945
2026-05-01T01:00:00+00:00,110.80499999999998,111.15899999999998,110.36799999999998,110.53999999999998,3175
2026-05-01T02:00:00+00:00,110.53999999999998,111.33799999999998,110.32799999999997,110.46399999999997,3957
2026-05-01T03:00:00+00:00,110.46399999999997,110.71499999999997,110.37799999999997,110.56799999999998,2743
2026-05-01T04:00:00+00:00,110.56799999999998,110.61899999999997,109.97799999999998,110.00899999999997,4110
2026-05-01T05:00:00+00:00,110.00899999999997,110.32899999999998,109.94799999999998,110.03899999999997,4481
2026-05-01T06:00:00+00:00,110.03899999999997,111.55499999999998,110.03399999999998,110.99799999999998,8385
2026-05-01T07:00:00+00:00,110.99799999999998,111.19399999999997,109.44899999999998,110.56899999999997,16599
2026-05-01T08:00:00+00:00,110.56899999999997,110.88799999999998,109.80799999999998,110.70799999999997,15216
2026-05-01T09:00:00+00:00,110.70799999999997,111.40499999999997,110.24799999999998,110.42999999999998,10581
2026-05-01T10:00:00+00:00,110.42999999999998,110.80799999999998,110.19999999999997,110.32899999999998,5938
2026-05-01T11:00:00+00:00,110.32899999999998,110.52499999999998,109.86799999999998,109.99799999999998,10407
2026-05-01T12:00:00+00:00,109.99799999999998,110.32899999999998,108.82399999999998,109.82399999999998,19034
2026-05-01T13:00:00+00:00,109.82399999999998,109.90299999999998,106.84799999999997,107.24899999999998,26126
2026-05-01T14:00:00+00:00,107.24899999999998,107.72799999999998,105.35799999999998,107.54799999999997,31078
2026-05-01T15:00:00+00:00,107.54799999999997,108.20999999999998,106.56699999999998,106.79599999999998,24298.137311813374
2026-05-01T16:00:00+00:00,106.79599999999998,107.74799999999998,106.25699999999998,107.39599999999997,22623
2026-05-01T17:00:00+00:00,107.39599999999997,107.44699999999997,106.44199999999998,106.74099999999997,14290
2026-05-01T18:00:00+00:00,106.74099999999997,107.85099999999997,106.56099999999998,107.62099999999997,17414
2026-05-01T19:00:00+00:00,107.62099999999997,107.78199999999997,107.27199999999998,107.68199999999997,7630
2026-05-01T20:00:00+00:00,107.68199999999997,108.26799999999997,107.58199999999997,107.90699999999997,4586
2026-05-04T00:00:00+00:00,107.90699999999997,108.17899999999997,106.89199999999997,106.93299999999998,6626.653228250985
2026-05-04T01:00:00+00:00,106.93299999999998,107.67299999999997,106.92299999999997,107.40399999999997,3452
2026-05-04T02:00:00+00:00,107.40399999999997,107.96899999999998,107.21199999999997,107.68699999999997,2409
2026-05-04T03:00:00+00:00,107.68699999999997,108.18299999999998,107.63699999999997,107.81299999999997,2523
2026-05-04T04:00:00+00:00,107.81299999999997,107.82399999999997,107.21199999999997,107.51299999999998,3258
2026-05-04T05:00:00+00:00,107.51299999999998,107.60699999999997,105.91199999999998,106.67399999999998,7938
2026-05-04T06:00:00+00:00,106.67399999999998,108.34199999999997,106.55199999999998,108.09299999999998,7643
2026-05-04T07:00:00+00:00,108.09299999999998,109.46799999999998,108.04199999999997,109.46799999999998,9414
2026-05-04T08:00:00+00:00,109.46799999999998,110.34899999999998,108.83399999999997,108.98399999999997,15020
2026-05-04T09:00:00+00:00,108.98399999999997,109.31799999999997,108.51299999999998,109.20399999999998,7147
2026-05-04T10:00:00+00:00,109.20399999999998,113.66299999999997,109.13299999999997,111.60399999999997,32760
2026-05-04T11:00:00+00:00,111.60399999999997,112.10299999999997,110.39699999999998,110.71399999999997,13775
2026-05-04T12:00:00+00:00,110.71399999999997,110.77399999999997,109.20199999999997,109.95299999999997,17343
2026-05-04T13:00:00+00:00,109.95299999999997,111.40399999999997,109.14899999999997,109.96899999999998,27557
2026-05-04T14:00:00+00:00,109.96899999999998,111.74699999999997,109.27299999999997,111.54299999999998,24042
2026-05-04T15:00:00+00:00,111.54299999999998,113.94799999999998,111.13199999999998,113.46899999999998,35573
2026-05-04T16:00:00+00:00,113.46899999999998,114.66199999999998,113.12199999999997,114.21199999999997,25955
2026-05-04T17:00:00+00:00,114.21199999999997,114.29899999999998,112.90799999999997,112.99699999999997,18545
2026-05-04T18:00:00+00:00,112.99699999999997,114.23899999999998,112.45199999999997,113.68199999999997,17276
2026-05-04T19:00:00+00:00,113.68199999999997,113.90299999999998,112.90299999999998,113.40299999999998,10245
2026-05-04T20:00:00+00:00,113.40299999999998,113.49399999999997,112.85199999999998,113.23199999999997,4721
2026-05-05T00:00:00+00:00,113.23199999999997,113.53499999999998,112.83499999999998,113.25399999999998,4039.981997014139
2026-05-05T01:00:00+00:00,113.25399999999998,113.40499999999997,112.91399999999997,113.02399999999997,3982
2026-05-05T02:00:00+00:00,113.02399999999997,113.05599999999997,112.27399999999997,112.50599999999997,5729
2026-05-05T03:00:00+00:00,112.50599999999997,112.75999999999998,112.45899999999997,112.65399999999998,2499
2026-05-05T04:00:00+00:00,112.65399999999998,112.69599999999997,112.22099999999998,112.59499999999997,2727
2026-05-05T05:00:00+00:00,112.59499999999997,113.11099999999998,112.57499999999997,112.83399999999997,5428
2026-05-05T06:00:00+00:00,112.83399999999997,113.88099999999997,112.53899999999997,113.15399999999998,9442
2026-05-05T07:00:00+00:00,113.15399999999998,113.53599999999997,111.65399999999998,113.11599999999997,15103
2026-05-05T08:00:00+00:00,113.11599999999997,113.26999999999998,111.32399999999997,111.75999999999998,18500
2026-05-05T09:00:00+00:00,111.75999999999998,112.69599999999997,111.75999999999998,112.28599999999997,10071
2026-05-05T10:00:00+00:00,112.28599999999997,112.67999999999998,111.76999999999998,112.50899999999997,8094
2026-05-05T11:00:00+00:00,112.50899999999997,113.20899999999997,111.86399999999998,111.89399999999998,10163
2026-05-05T12:00:00+00:00,111.89399999999998,112.35599999999998,110.82599999999998,111.48099999999998,19840
2026-05-05T13:00:00+00:00,111.48099999999998,111.65599999999998,110.31499999999997,110.48399999999998,19884
2026-05-05T14:00:00+00:00,110.48399999999998,111.38599999999998,109.48899999999998,110.24899999999998,29179
2026-05-05T15:00:00+00:00,110.24899999999998,110.72599999999997,109.14399999999998,109.93899999999998,22441
2026-05-05T16:00:00+00:00,109.93899999999998,110.19099999999997,109.64399999999998,110.06599999999997,11710
2026-05-05T17:00:00+00:00,110.06599999999997,110.14599999999997,109.07399999999997,109.58999999999997,11625
2026-05-05T18:00:00+00:00,109.58999999999997,109.82599999999998,109.06399999999998,109.11899999999997,10874
2026-05-05T19:00:00+00:00,109.11899999999997,109.81599999999997,109.06399999999998,109.72599999999997,5367
2026-05-05T20:00:00+00:00,109.72599999999997,110.04599999999998,109.54899999999998,109.97599999999997,5802
2026-05-06T00:00:00+00:00,109.97599999999997,109.98199999999997,107.08699999999997,107.84699999999998,7739.380457933972
2026-05-06T01:00:00+00:00,107.84699999999998,108.13899999999998,106.83699999999997,107.25299999999997,11564
2026-05-06T02:00:00+00:00,107.25299999999997,107.46699999999998,107.19399999999997,107.29899999999998,4468
2026-05-06T03:00:00+00:00,107.29899999999998,107.72299999999998,107.23299999999998,107.37699999999998,3707
2026-05-06T04:00:00+00:00,107.37699999999998,107.51899999999998,107.02699999999997,107.32299999999998,2294
2026-05-06T05:00:00+00:00,107.32299999999998,108.29399999999998,107.17699999999998,107.26299999999998,7079
2026-05-06T06:00:00+00:00,107.26299999999998,108.03799999999998,106.60899999999998,107.66799999999998,10081
2026-05-06T07:00:00+00:00,107.66799999999998,108.03699999999998,104.87399999999998,104.97699999999998,16218
2026-05-06T08:00:00+00:00,104.97699999999998,106.25699999999998,102.02699999999997,102.48899999999998,30614
2026-05-06T09:00:00+00:00,102.48899999999998,103.42799999999998,100.58899999999998,100.73899999999998,33405
2026-05-06T10:00:00+00:00,100.73899999999998,100.75799999999998,97.44199999999998,97.53799999999998,39294
2026-05-06T11:00:00+00:00,97.53799999999998,99.58199999999998,96.01699999999998,99.50399999999998,39194
2026-05-06T12:00:00+00:00,99.50399999999998,103.45899999999997,99.44199999999998,102.18899999999998,36389
2026-05-06T13:00:00+00:00,102.18899999999998,103.37399999999998,101.46699999999998,102.02299999999998,31813
2026-05-06T14:00:00+00:00,102.02299999999998,102.95399999999998,100.48699999999998,100.96799999999998,32506
2026-05-06T15:00:00+00:00,100.96799999999998,102.08899999999998,100.69699999999997,101.45799999999998,24172
2026-05-06T16:00:00+00:00,101.45799999999998,102.23899999999998,100.60799999999998,101.76699999999998,14486
2026-05-06T17:00:00+00:00,101.76699999999998,101.84399999999998,100.74199999999998,100.83699999999997,10533
2026-05-06T18:00:00+00:00,100.83699999999997,100.90399999999998,99.88299999999998,100.62699999999998,14740
2026-05-06T19:00:00+00:00,100.62699999999998,100.88199999999998,100.16699999999997,100.76899999999998,7094
2026-05-06T20:00:00+00:00,100.76899999999998,101.60899999999998,100.53699999999998,101.27399999999997,7619.234901329518
2026-05-07T00:00:00+00:00,101.27399999999997,101.81299999999997,100.99199999999998,101.49299999999997,5130.04627664091
2026-05-07T01:00:00+00:00,101.49299999999997,101.73199999999997,100.90199999999997,100.93399999999997,7583
2026-05-07T02:00:00+00:00,100.93399999999997,101.20199999999997,100.40199999999997,101.11299999999997,5394
2026-05-07T03:00:00+00:00,101.11299999999997,101.45399999999998,100.98199999999997,101.31399999999998,3153
2026-05-07T04:00:00+00:00,101.31399999999998,101.36399999999998,100.95199999999997,101.01199999999997,1898
2026-05-07T05:00:00+00:00,101.01199999999997,101.23399999999998,100.89299999999997,101.02899999999997,3500
2026-05-07T06:00:00+00:00,101.02899999999997,101.12899999999998,99.51299999999998,100.14399999999998,9824
2026-05-07T07:00:00+00:00,100.14399999999998,100.24899999999997,96.72199999999998,98.84399999999998,25179
2026-05-07T08:00:00+00:00,98.84399999999998,100.08299999999997,98.22199999999998,98.33199999999998,20834
2026-05-07T09:00:00+00:00,98.33199999999998,98.62399999999997,97.48199999999997,98.29899999999998,12729
2026-05-07T10:00:00+00:00,98.29899999999998,98.77899999999997,97.59199999999997,98.24899999999997,12010
2026-05-07T11:00:00+00:00,98.24899999999997,98.32399999999997,97.01199999999997,97.35399999999997,13736
2026-05-07T12:00:00+00:00,97.35399999999997,97.53399999999998,95.31299999999997,96.14899999999997,19660
2026-05-07T13:00:00+00:00,96.14899999999997,97.84899999999998,96.14899999999997,96.46899999999998,25997
2026-05-07T14:00:00+00:00,96.46899999999998,96.90899999999998,95.60699999999997,96.53299999999997,22353
2026-05-07T15:00:00+00:00,96.53299999999997,98.52399999999997,96.49199999999998,98.40699999999997,26470
2026-05-07T16:00:00+00:00,98.40699999999997,100.26399999999997,98.35299999999998,100.07899999999998,27500
2026-05-07T17:00:00+00:00,100.07899999999998,101.75899999999997,99.48199999999997,99.86799999999997,32840
2026-05-07T18:00:00+00:00,99.86799999999997,100.98899999999998,99.20199999999997,100.23199999999997,28971
2026-05-07T19:00:00+00:00,100.23199999999997,102.11199999999997,100.04199999999997,101.05199999999998,19874
2026-05-07T20:00:00+00:00,101.05199999999998,102.65899999999998,99.28199999999997,102.33699999999997,21434
2026-05-08T00:00:00+00:00,102.33699999999997,102.37299999999998,101.16799999999998,101.44799999999998,6479.622651615029
2026-05-08T01:00:00+00:00,101.44799999999998,101.44799999999998,100.24899999999998,100.88899999999998,9038
2026-05-08T02:00:00+00:00,100.88899999999998,101.22999999999998,100.03899999999997,100.62899999999998,6594
2026-05-08T03:00:00+00:00,100.62899999999998,100.62899999999998,100.28799999999997,100.48999999999998,3573
2026-05-08T04:00:00+00:00,100.48999999999998,101.20999999999998,100.45799999999997,100.60799999999998,4014
2026-05-08T05:00:00+00:00,100.60799999999998,100.80999999999997,100.17499999999997,100.26999999999998,5769
2026-05-08T06:00:00+00:00,100.26999999999998,100.66499999999998,98.99799999999998,99.95899999999997,11940
2026-05-08T07:00:00+00:00,99.95899999999997,100.84799999999997,99.55899999999997,100.33799999999998,12298
2026-05-08T08:00:00+00:00,100.33799999999998,100.70499999999997,99.17399999999998,99.57999999999997,17307
2026-05-08T09:00:00+00:00,99.57999999999997,100.29399999999997,98.85999999999997,100.16899999999997,12695
2026-05-08T10:00:00+00:00,100.16899999999997,100.27899999999997,99.19799999999998,99.59499999999997,12076
2026-05-08T11:00:00+00:00,99.59499999999997,100.27499999999998,99.18799999999997,99.88999999999997,11252
2026-05-08T12:00:00+00:00,99.88999999999997,100.16799999999998,99.25899999999997,99.93999999999997,14784
2026-05-08T13:00:00+00:00,99.93999999999997,100.14499999999998,98.95799999999997,99.45999999999998,22097
2026-05-08T14:00:00+00:00,99.45999999999998,101.13499999999998,99.44799999999998,100.79499999999997,24188
2026-05-08T15:00:00+00:00,100.79499999999997,101.52899999999997,100.47399999999998,101.01799999999997,25634.886942109624
2026-05-08T16:00:00+00:00,101.01799999999997,101.07699999999997,100.53199999999997,100.91799999999996,13575
2026-05-08T17:00:00+00:00,100.91799999999996,100.94799999999996,100.20599999999997,100.44199999999996,10454
2026-05-08T18:00:00+00:00,100.44199999999996,100.79199999999997,99.53699999999996,100.53599999999997,19257
2026-05-08T19:00:00+00:00,100.53599999999997,100.68799999999997,99.76599999999998,99.95799999999997,9336
2026-05-08T20:00:00+00:00,99.95799999999997,100.10299999999997,99.57299999999996,99.65199999999997,4503
2026-05-11T00:00:00+00:00,99.65199999999997,104.83599999999998,99.58599999999998,104.33799999999998,5291.558674415729
2026-05-11T01:00:00+00:00,104.33799999999998,104.41699999999997,103.75599999999999,103.92699999999998,6278
2026-05-11T02:00:00+00:00,103.92699999999998,104.72799999999998,103.76599999999998,104.66599999999998,4071
2026-05-11T03:00:00+00:00,104.66599999999998,105.09299999999998,104.66599999999998,104.96799999999998,3826
2026-05-11T04:00:00+00:00,104.96799999999998,105.28799999999998,104.94699999999997,105.22199999999998,1940
2026-05-11T05:00:00+00:00,105.22199999999998,105.25099999999998,104.53099999999998,104.62199999999999,4175
2026-05-11T06:00:00+00:00,104.62199999999999,104.92299999999997,103.69099999999997,103.81599999999997,6209
2026-05-11T07:00:00+00:00,103.81599999999997,104.33799999999998,103.67599999999997,103.76199999999999,8064
2026-05-11T08:00:00+00:00,103.76199999999999,103.89299999999999,102.53599999999997,103.29299999999998,13665
2026-05-11T09:00:00+00:00,103.29299999999998,103.52799999999998,102.93699999999998,103.38699999999999,5853
2026-05-11T10:00:00+00:00,103.38699999999999,103.41199999999998,102.61799999999998,103.28799999999998,7056
2026-05-11T11:00:00+00:00,103.28799999999998,103.75199999999998,103.08099999999997,103.55099999999997,5624
2026-05-11T12:00:00+00:00,103.55099999999997,103.99699999999999,102.18099999999998,103.22099999999998,12566
2026-05-11T13:00:00+00:00,103.22099999999998,103.32299999999998,102.11599999999999,102.40799999999997,18842
2026-05-11T14:00:00+00:00,102.40799999999997,103.53599999999997,102.40099999999998,103.09099999999998,14828
2026-05-11T15:00:00+00:00,103.09099999999998,103.72799999999998,102.74599999999998,103.31099999999998,14715
2026-05-11T16:00:00+00:00,103.31099999999998,104.95699999999998,103.27599999999998,104.37199999999999,12793
2026-05-11T17:00:00+00:00,104.37199999999999,104.38799999999998,103.42099999999998,103.65299999999998,8989
2026-05-11T18:00:00+00:00,103.65299999999998,104.37199999999999,103.21299999999998,103.59799999999998,14567
2026-05-11T19:00:00+00:00,103.59799999999998,103.77799999999998,103.37099999999998,103.59699999999998,4181
2026-05-11T20:00:00+00:00,103.59699999999998,104.18799999999997,103.48099999999998,103.64799999999998,5045
2026-05-12T00:00:00+00:00,103.64799999999998,104.14499999999997,103.59599999999998,104.10099999999997,3793.7804878048782
2026-05-12T01:00:00+00:00,104.10099999999997,104.49599999999997,103.75899999999997,104.42999999999996,4637
2026-05-12T02:00:00+00:00,104.42999999999996,104.59099999999997,104.29999999999997,104.34099999999997,2491
2026-05-12T03:00:00+00:00,104.34099999999997,104.45999999999997,104.22399999999996,104.42099999999996,1587
2026-05-12T04:00:00+00:00,104.42099999999996,104.43099999999997,103.91899999999997,104.21999999999997,2064
2026-05-12T05:00:00+00:00,104.21999999999997,104.61599999999997,103.94999999999997,104.35899999999997,2951
2026-05-12T06:00:00+00:00,104.35899999999997,105.85099999999997,104.33899999999997,105.63399999999997,7659
2026-05-12T07:00:00+00:00,105.63399999999997,105.80499999999996,105.29099999999997,105.72399999999996,8256
2026-05-12T08:00:00+00:00,105.72399999999996,106.54599999999996,105.66599999999997,105.97999999999996,12642
2026-05-12T09:00:00+00:00,105.97999999999996,106.85099999999997,105.93399999999997,106.39499999999997,10771
2026-05-12T10:00:00+00:00,106.39499999999997,107.29999999999997,106.16399999999997,107.06099999999996,8377
2026-05-12T11:00:00+00:00,107.06099999999996,107.48499999999997,106.53399999999996,106.76899999999996,8110
2026-05-12T12:00:00+00:00,106.76899999999996,107.35499999999996,106.31399999999996,106.46099999999997,11949
2026-05-12T13:00:00+00:00,106.46099999999997,107.57999999999997,106.37399999999997,107.26599999999996,15860
2026-05-12T14:00:00+00:00,107.26599999999996,107.36499999999997,106.71899999999997,107.19899999999997,15235
2026-05-12T15:00:00+00:00,107.19899999999997,107.70099999999996,106.54999999999997,106.92599999999997,15622
2026-05-12T16:00:00+00:00,106.92599999999997,107.08599999999997,106.58899999999997,106.65399999999997,9446
2026-05-12T17:00:00+00:00,106.65399999999997,106.78599999999997,106.36999999999996,106.66599999999997,9039
2026-05-12T18:00:00+00:00,106.66599999999997,107.44999999999997,106.48399999999997,107.26399999999997,14400
2026-05-12T19:00:00+00:00,107.26399999999997,107.27099999999997,106.90499999999997,107.08599999999997,4001
2026-05-12T20:00:00+00:00,107.08599999999997,107.15899999999996,106.55899999999997,106.72399999999996,3370
2026-05-13T00:00:00+00:00,106.72399999999996,106.73999999999997,105.43099999999997,106.13999999999997,4535.021663172607
2026-05-13T01:00:00+00:00,106.13999999999997,106.38999999999997,105.94499999999996,106.33099999999997,4624
2026-05-13T02:00:00+00:00,106.33099999999997,106.45099999999996,105.55899999999997,105.81999999999996,3266
2026-05-13T03:00:00+00:00,105.81999999999996,106.00099999999996,105.61599999999997,105.85999999999997,3332
2026-05-13T04:00:00+00:00,105.85999999999997,105.86099999999996,105.44899999999997,105.55099999999997,2317
2026-05-13T05:00:00+00:00,105.55099999999997,105.72099999999998,105.37999999999997,105.46999999999997,2812
2026-05-13T06:00:00+00:00,105.46999999999997,105.90599999999996,105.39499999999997,105.76399999999997,5216
2026-05-13T07:00:00+00:00,105.76399999999997,106.19599999999997,105.50099999999996,106.11399999999996,7086
2026-05-13T08:00:00+00:00,106.11399999999996,106.78099999999996,105.95399999999997,106.60999999999997,9405
2026-05-13T09:00:00+00:00,106.60999999999997,107.04099999999997,106.32899999999997,106.44399999999997,6576
2026-05-13T10:00:00+00:00,106.44399999999997,107.45099999999996,106.43399999999997,107.40399999999997,6291
2026-05-13T11:00:00+00:00,107.40399999999997,107.52599999999997,106.71399999999997,106.76999999999997,5517
2026-05-13T12:00:00+00:00,106.76999999999997,107.37099999999997,106.54099999999997,106.88999999999997,7608
2026-05-13T13:00:00+00:00,106.88999999999997,106.89499999999997,106.40899999999996,106.80399999999997,11240
2026-05-13T14:00:00+00:00,106.80399999999997,107.49599999999997,106.49599999999997,106.97399999999996,12728
2026-05-13T15:00:00+00:00,106.97399999999996,107.09499999999997,105.66899999999997,105.97499999999997,13833
2026-05-13T16:00:00+00:00,105.97499999999997,105.99999999999997,104.86299999999997,105.57799999999997,13937.87065711003
2026-05-13T17:00:00+00:00,105.57799999999997,105.69499999999998,105.07299999999998,105.18399999999997,7752
2026-05-13T18:00:00+00:00,105.18399999999997,105.25799999999997,104.69799999999998,104.93499999999997,9334
2026-05-13T19:00:00+00:00,104.93499999999997,105.19299999999997,104.88799999999998,105.10399999999997,3542
2026-05-13T20:00:00+00:00,105.10399999999997,105.31499999999997,104.56299999999997,104.86399999999998,3841
2026-05-14T00:00:00+00:00,104.86399999999998,105.13499999999996,104.75899999999997,104.90799999999997,2505.844491143801
2026-05-14T01:00:00+00:00,104.90799999999997,105.41499999999996,104.51299999999996,104.88999999999997,4921
2026-05-14T02:00:00+00:00,104.88999999999997,105.34999999999997,104.75299999999997,105.31999999999996,3040
2026-05-14T03:00:00+00:00,105.31999999999996,105.42399999999996,105.00899999999997,105.17299999999997,2880
2026-05-14T04:00:00+00:00,105.17299999999997,105.32399999999997,105.15399999999997,105.22399999999996,1651
2026-05-14T05:00:00+00:00,105.22399999999996,105.62999999999997,105.20899999999996,105.33999999999996,3298
2026-05-14T06:00:00+00:00,105.33999999999996,105.33999999999996,103.80499999999996,105.02499999999996,8145
2026-05-14T07:00:00+00:00,105.02499999999996,105.97999999999996,104.95499999999997,105.86899999999997,8500
2026-05-14T08:00:00+00:00,105.86899999999997,106.35499999999996,105.05799999999996,105.49999999999997,15554
2026-05-14T09:00:00+00:00,105.49999999999997,105.96799999999996,105.01999999999997,105.24999999999997,8488
2026-05-14T10:00:00+00:00,105.24999999999997,105.51399999999997,104.31799999999997,104.89899999999997,13979
2026-05-14T11:00:00+00:00,104.89899999999997,105.09499999999997,103.86999999999996,104.08299999999997,9230
2026-05-14T12:00:00+00:00,104.08299999999997,104.43999999999997,103.12299999999996,104.03499999999997,13513
2026-05-14T13:00:00+00:00,104.03499999999997,104.72499999999997,103.92899999999997,104.58999999999996,14569
2026-05-14T14:00:00+00:00,104.58999999999996,105.32799999999996,103.93399999999997,104.17299999999997,12810
2026-05-14T15:00:00+00:00,104.17299999999997,104.64399999999996,103.89799999999997,104.09999999999997,13405
2026-05-14T16:00:00+00:00,104.09999999999997,104.65499999999997,103.71799999999996,104.43499999999997,8297
2026-05-14T17:00:00+00:00,104.43499999999997,105.35499999999996,104.31799999999997,105.21899999999997,6808
2026-05-14T18:00:00+00:00,105.21899999999997,105.43799999999997,104.88299999999997,105.17799999999997,8167
2026-05-14T19:00:00+00:00,105.17799999999997,105.77899999999997,105.08799999999997,105.76399999999997,2684
2026-05-14T20:00:00+00:00,105.76399999999997,106.01499999999997,105.64799999999997,105.86899999999997,3624
2026-05-15T00:00:00+00:00,105.86899999999997,105.86899999999997,105.48199999999997,105.63199999999998,2848.837538661892
2026-05-15T01:00:00+00:00,105.63199999999998,106.65899999999996,105.44199999999996,106.12399999999997,6268
2026-05-15T02:00:00+00:00,106.12399999999997,106.65899999999996,105.87199999999997,106.38399999999997,6522
2026-05-15T03:00:00+00:00,106.38399999999997,106.43299999999996,106.04699999999997,106.06899999999997,3797
2026-05-15T04:00:00+00:00,106.06899999999997,106.28399999999996,106.05299999999997,106.10299999999997,2290
2026-05-15T05:00:00+00:00,106.10299999999997,107.13899999999997,106.10299999999997,106.75199999999997,4853
2026-05-15T06:00:00+00:00,106.75199999999997,107.01899999999998,106.47799999999997,106.66299999999997,7700
2026-05-15T07:00:00+00:00,106.66299999999997,107.00899999999997,106.14799999999997,106.97199999999997,6232
2026-05-15T08:00:00+00:00,106.97199999999997,108.61899999999997,106.81899999999997,108.20399999999997,16071
2026-05-15T09:00:00+00:00,108.20399999999997,108.84199999999997,107.81199999999997,108.53399999999996,9258
2026-05-15T10:00:00+00:00,108.53399999999996,108.53399999999996,106.34899999999998,106.74899999999997,15430
2026-05-15T11:00:00+00:00,106.74899999999997,107.83399999999997,106.54399999999997,107.70899999999997,9030
2026-05-15T12:00:00+00:00,107.70899999999997,107.78199999999997,107.03699999999996,107.45899999999997,8220
2026-05-15T13:00:00+00:00,107.45899999999997,107.89899999999997,106.97399999999998,107.83799999999997,11281
2026-05-15T14:00:00+00:00,107.83799999999997,108.53899999999997,107.13199999999998,108.22399999999998,13347
2026-05-15T15:00:00+00:00,108.22399999999998,108.92399999999996,107.79699999999997,108.62699999999997,12508
2026-05-15T16:00:00+00:00,108.62699999999997,108.91899999999997,108.23199999999997,108.32799999999997,7309
2026-05-15T17:00:00+00:00,108.32799999999997,108.42399999999996,107.98799999999997,108.17199999999997,6385
2026-05-15T18:00:00+00:00,108.17199999999997,108.79899999999996,108.14199999999997,108.43799999999997,8997
2026-05-15T19:00:00+00:00,108.43799999999997,108.66799999999996,108.35199999999998,108.51199999999996,4530.606391425168
2026-05-15T20:00:00+00:00,108.51199999999996,108.81299999999996,108.31099999999996,108.33199999999997,3165
2026-05-18T00:00:00+00:00,108.33199999999997,110.39199999999995,108.14799999999995,110.18199999999996,5159.419903691814
2026-05-18T01:00:00+00:00,110.18199999999996,111.15199999999996,109.78099999999995,110.47199999999995,9053
2026-05-18T02:00:00+00:00,110.47199999999995,110.87599999999996,110.37199999999996,110.46599999999995,3488
2026-05-18T03:00:00+00:00,110.46599999999995,110.55699999999996,110.32999999999996,110.36199999999995,2337
2026-05-18T04:00:00+00:00,110.36199999999995,110.53999999999995,110.22999999999996,110.36499999999995,2226
2026-05-18T05:00:00+00:00,110.36499999999995,110.55199999999995,109.82499999999996,110.10099999999996,4185
2026-05-18T06:00:00+00:00,110.10099999999996,110.66199999999995,110.03999999999995,110.14499999999995,5983
2026-05-18T07:00:00+00:00,110.14499999999995,110.17699999999995,108.82199999999996,109.54199999999996,10235
2026-05-18T08:00:00+00:00,109.54199999999996,109.86199999999995,108.91699999999996,109.14199999999995,11143
2026-05-18T09:00:00+00:00,109.14199999999995,109.66099999999996,108.97999999999996,109.24599999999995,6811
2026-05-18T10:00:00+00:00,109.24599999999995,109.77099999999996,109.12699999999995,109.70599999999996,5131
2026-05-18T11:00:00+00:00,109.70599999999996,110.52699999999996,107.66999999999996,108.32999999999996,19099
2026-05-18T12:00:00+00:00,108.32999999999996,109.11099999999996,106.09999999999995,106.68999999999996,22402
2026-05-18T13:00:00+00:00,106.68999999999996,107.67699999999995,106.53999999999995,107.09099999999995,21617
2026-05-18T14:00:00+00:00,107.09099999999995,109.51099999999995,107.04699999999995,109.34599999999996,20730
2026-05-18T15:00:00+00:00,109.34599999999996,110.36199999999995,109.17999999999995,110.08599999999996,19519
2026-05-18T16:00:00+00:00,110.08599999999996,110.79199999999996,109.96999999999996,110.13599999999995,10904
2026-05-18T17:00:00+00:00,110.13599999999995,110.31199999999995,109.37099999999995,110.01699999999995,9387
2026-05-18T18:00:00+00:00,110.01699999999995,111.88199999999996,109.99999999999996,111.35599999999995,16062
2026-05-18T19:00:00+00:00,111.35599999999995,111.55099999999996,107.76999999999995,108.27199999999995,22017
2026-05-18T20:00:00+00:00,108.27199999999995,108.60199999999996,107.19999999999996,108.49499999999996,8972
2026-05-19T00:00:00+00:00,108.49499999999996,108.71499999999995,108.22599999999994,108.42099999999995,3915.0089558314676
2026-05-19T01:00:00+00:00,108.42099999999995,109.05699999999995,108.40199999999994,108.66499999999995,6269
2026-05-19T02:00:00+00:00,108.66499999999995,109.30099999999995,108.56999999999995,109.15099999999994,3754
2026-05-19T03:00:00+00:00,109.15099999999994,109.37699999999995,108.92499999999994,109.06999999999995,2877
2026-05-19T04:00:00+00:00,109.06999999999995,109.15699999999994,108.82199999999995,108.89199999999994,2065
2026-05-19T05:00:00+00:00,108.89199999999994,109.74699999999994,108.85499999999995,109.30699999999995,4584
2026-05-19T06:00:00+00:00,109.30699999999995,109.79699999999994,108.77499999999995,109.66699999999994,7920
2026-05-19T07:00:00+00:00,109.66699999999994,109.90699999999994,108.99599999999995,109.15999999999994,8215
2026-05-19T08:00:00+00:00,109.15999999999994,109.96599999999995,109.02599999999994,109.46999999999994,10759
2026-05-19T09:00:00+00:00,109.46999999999994,109.83099999999995,108.84999999999995,109.06199999999994,6232
2026-05-19T10:00:00+00:00,109.06199999999994,110.43699999999994,109.00099999999995,109.76699999999994,8645
2026-05-19T11:00:00+00:00,109.76699999999994,110.35699999999994,109.74999999999994,110.20199999999994,6503
2026-05-19T12:00:00+00:00,110.20199999999994,110.21699999999994,109.32999999999994,109.70199999999994,6665
2026-05-19T13:00:00+00:00,109.70199999999994,110.74099999999994,109.31999999999995,109.52999999999994,18266
2026-05-19T14:00:00+00:00,109.52999999999994,110.02699999999994,108.70699999999995,109.85199999999995,19074
2026-05-19T15:00:00+00:00,109.85199999999995,110.15699999999994,109.34099999999995,110.07099999999994,13767
2026-05-19T16:00:00+00:00,110.07099999999994,110.26699999999994,109.72999999999995,109.87599999999995,7078
2026-05-19T17:00:00+00:00,109.87599999999995,110.12699999999995,109.36999999999995,109.71099999999994,7416
2026-05-19T18:00:00+00:00,109.71099999999994,110.94699999999995,109.39099999999995,110.79099999999994,11383
2026-05-19T19:00:00+00:00,110.79099999999994,110.80199999999995,110.24499999999995,110.56499999999994,3997
2026-05-19T20:00:00+00:00,110.56499999999994,110.68199999999995,109.98999999999995,110.18099999999994,3689
2026-05-20T00:00:00+00:00,110.18099999999994,110.21699999999994,109.85599999999994,110.04099999999994,2487.9280813526098
2026-05-20T01:00:00+00:00,110.04099999999994,110.64199999999994,109.33599999999994,109.84199999999994,7308
2026-05-20T02:00:00+00:00,109.84199999999994,110.66799999999994,109.65699999999994,110.43799999999993,5487
2026-05-20T03:00:00+00:00,110.43799999999993,110.58599999999994,109.71199999999993,109.82099999999994,3600
2026-05-20T04:00:00+00:00,109.82099999999994,110.11299999999994,109.43299999999994,110.06099999999994,2252
2026-05-20T05:00:00+00:00,110.06099999999994,110.11699999999993,109.71599999999994,110.02299999999994,3155
2026-05-20T06:00:00+00:00,110.02299999999994,110.20199999999994,108.94199999999994,109.04299999999994,8006
2026-05-20T07:00:00+00:00,109.04299999999994,109.42799999999994,108.74099999999994,109.19299999999994,7324
2026-05-20T08:00:00+00:00,109.19299999999994,109.27199999999993,107.89199999999994,108.13199999999993,12079
2026-05-20T09:00:00+00:00,108.13199999999993,108.73299999999993,107.68299999999994,108.39699999999993,7617
2026-05-20T10:00:00+00:00,108.39699999999993,108.53699999999994,106.93599999999994,107.51299999999993,8515
2026-05-20T11:00:00+00:00,107.51299999999993,108.57799999999993,107.44699999999993,108.28299999999993,7279
2026-05-20T12:00:00+00:00,108.28299999999993,108.35299999999994,106.70099999999994,107.61199999999994,12096
2026-05-20T13:00:00+00:00,107.61199999999994,108.16299999999994,107.25199999999994,108.12799999999994,13013
2026-05-20T14:00:00+00:00,108.12799999999994,108.63199999999993,105.20599999999993,106.14699999999993,36280
2026-05-20T15:00:00+00:00,106.14699999999993,106.29299999999994,102.43099999999994,104.94599999999994,34729
2026-05-20T16:00:00+00:00,104.94599999999994,105.34299999999993,103.63299999999994,103.84299999999993,19509
2026-05-20T17:00:00+00:00,103.84299999999993,104.37199999999994,103.03099999999993,104.35199999999993,17255
2026-05-20T18:00:00+00:00,104.35199999999993,104.59699999999994,103.73799999999994,103.88799999999993,14562
2026-05-20T19:00:00+00:00,103.88799999999993,104.28299999999993,103.63599999999994,104.25099999999993,6256
2026-05-20T20:00:00+00:00,104.25099999999993,104.74599999999995,103.96399999999994,104.67499999999994,5404.978310164645
2026-05-21T00:00:00+00:00,104.67499999999994,105.77099999999994,104.45499999999996,104.92099999999995,5787.239843367597
2026-05-21T01:00:00+00:00,104.92099999999995,105.00099999999995,104.27499999999995,104.41899999999995,8040
2026-05-21T02:00:00+00:00,104.41899999999995,105.15099999999995,104.32899999999995,105.04899999999995,3572
2026-05-21T03:00:00+00:00,105.04899999999995,105.08599999999996,104.76999999999995,104.91599999999995,2157
2026-05-21T04:00:00+00:00,104.91599999999995,105.10399999999994,104.64399999999995,104.68899999999995,1896
2026-05-21T05:00:00+00:00,104.68899999999995,105.92999999999995,104.59899999999995,105.28599999999994,5145
2026-05-21T06:00:00+00:00,105.28599999999994,105.80099999999995,104.84899999999995,105.41899999999995,7723
2026-05-21T07:00:00+00:00,105.41899999999995,105.73499999999994,105.05499999999995,105.05599999999995,5882
2026-05-21T08:00:00+00:00,105.05599999999995,105.26099999999995,103.84499999999996,104.19899999999996,15395
2026-05-21T09:00:00+00:00,104.19899999999996,104.22499999999995,102.85899999999995,103.30899999999995,11459
2026-05-21T10:00:00+00:00,103.30899999999995,106.84999999999995,103.18899999999995,106.49599999999995,19738
2026-05-21T11:00:00+00:00,106.49599999999995,106.52599999999995,105.70499999999996,106.07499999999995,10924
2026-05-21T12:00:00+00:00,106.07499999999995,106.71099999999996,105.83599999999996,106.46399999999996,12181
2026-05-21T13:00:00+00:00,106.46399999999996,108.40099999999995,105.71099999999996,105.91599999999995,20687
2026-05-21T14:00:00+00:00,105.91599999999995,107.01499999999994,105.71899999999995,106.78599999999994,15611
2026-05-21T15:00:00+00:00,106.78599999999994,107.57399999999996,106.16999999999994,106.17899999999995,16137
2026-05-21T16:00:00+00:00,106.17899999999995,106.20499999999996,105.36499999999995,105.56899999999995,12240
2026-05-21T17:00:00+00:00,105.56899999999995,105.95099999999995,101.31599999999995,101.89099999999995,32427
2026-05-21T18:00:00+00:00,101.89099999999995,104.06599999999995,101.57499999999995,103.79899999999995,25097
2026-05-21T19:00:00+00:00,103.79899999999995,104.03899999999994,102.83499999999995,103.19899999999996,12040
2026-05-21T20:00:00+00:00,103.19899999999996,104.08499999999995,103.01999999999995,104.06499999999996,6539
2026-05-22T00:00:00+00:00,104.06499999999996,104.08099999999995,103.51899999999995,103.89099999999995,3416.1884088625666
2026-05-22T01:00:00+00:00,103.89099999999995,104.24099999999994,103.43999999999994,103.48999999999994,5505
2026-05-22T02:00:00+00:00,103.48999999999994,103.83599999999994,103.17999999999995,103.27999999999994,3618
2026-05-22T03:00:00+00:00,103.27999999999994,103.42499999999994,103.10099999999994,103.34899999999995,2221
2026-05-22T04:00:00+00:00,103.34899999999995,103.38599999999994,102.86399999999995,103.33099999999995,1798
2026-05-22T05:00:00+00:00,103.33099999999995,104.56099999999995,103.32899999999994,104.38599999999994,3601
2026-05-22T06:00:00+00:00,104.38599999999994,104.69899999999994,103.87999999999994,103.94999999999995,5930
2026-05-22T07:00:00+00:00,103.94999999999995,104.93499999999995,103.90899999999995,104.45999999999994,8701
2026-05-22T08:00:00+00:00,104.45999999999994,105.45599999999995,104.09999999999994,104.81099999999995,14070
2026-05-22T09:00:00+00:00,104.81099999999995,105.14999999999995,103.89999999999995,104.47999999999995,7203
2026-05-22T10:00:00+00:00,104.47999999999995,104.91099999999994,103.69399999999995,104.40399999999994,5961
2026-05-22T11:00:00+00:00,104.40399999999994,104.74099999999994,103.27999999999994,103.51499999999994,5840
2026-05-22T12:00:00+00:00,103.51499999999994,103.71599999999994,101.74999999999994,102.16999999999994,17503
2026-05-22T13:00:00+00:00,102.16999999999994,103.79599999999995,101.33999999999995,103.43099999999994,21133
2026-05-22T14:00:00+00:00,103.43099999999994,103.78999999999995,103.06999999999994,103.34599999999995,11126
2026-05-22T15:00:00+00:00,103.34599999999995,103.66399999999994,102.47999999999995,102.65499999999994,11999
2026-05-22T16:00:00+00:00,102.65499999999994,102.96499999999995,102.06899999999995,102.54499999999994,9235
2026-05-22T17:00:00+00:00,102.54499999999994,103.02099999999994,100.45099999999994,101.78099999999995,19356
2026-05-22T18:00:00+00:00,101.78099999999995,102.81599999999995,101.70899999999995,102.25599999999994,11754
2026-05-22T19:00:00+00:00,102.25599999999994,103.12599999999995,102.23099999999994,102.46899999999992,6777.661577608143
2026-05-22T20:00:00+00:00,102.46899999999992,103.21099999999993,102.03899999999993,103.12399999999992,6510
2026-05-25T00:00:00+00:00,103.12399999999992,103.25999999999992,96.66999999999992,97.76499999999992,6126.7352152939075
2026-05-25T01:00:00+00:00,97.76499999999992,98.60499999999992,97.64299999999992,98.31299999999992,8620
2026-05-25T02:00:00+00:00,98.31299999999992,98.46899999999992,97.53299999999992,97.54399999999993,4857
2026-05-25T03:00:00+00:00,97.54399999999993,97.56399999999992,96.13499999999992,96.74499999999992,8402
2026-05-25T04:00:00+00:00,96.74499999999992,97.10399999999993,96.68299999999992,96.80299999999993,3352
2026-05-25T05:00:00+00:00,96.80299999999993,96.97499999999992,96.44399999999992,96.84799999999993,5891
2026-05-25T06:00:00+00:00,96.84799999999993,97.54499999999992,96.72899999999993,97.40499999999992,5284
2026-05-25T07:00:00+00:00,97.40499999999992,98.64799999999993,97.29299999999992,97.63999999999992,10441
2026-05-25T08:00:00+00:00,97.63999999999992,98.51399999999992,97.49399999999991,97.58299999999993,9031
2026-05-25T09:00:00+00:00,97.58299999999993,97.65499999999992,96.68499999999992,96.87399999999992,6444
2026-05-25T10:00:00+00:00,96.87399999999992,96.91499999999992,96.36999999999992,96.43899999999992,6107
2026-05-25T11:00:00+00:00,96.43899999999992,96.96499999999992,96.09799999999993,96.39899999999992,5629
2026-05-25T12:00:00+00:00,96.39899999999992,97.18799999999992,95.90899999999992,97.15399999999993,7229
2026-05-25T13:00:00+00:00,97.15399999999993,97.59799999999993,97.01399999999992,97.09899999999992,7198
2026-05-25T14:00:00+00:00,97.09899999999992,97.34999999999992,96.80299999999993,97.28899999999992,7142
2026-05-25T15:00:00+00:00,97.28899999999992,97.71399999999993,96.32299999999992,96.65899999999992,11048
2026-05-25T16:00:00+00:00,96.65899999999992,97.17999999999992,95.04799999999992,95.14499999999992,11279
2026-05-25T17:00:00+00:00,95.14499999999992,95.69499999999992,94.96299999999992,95.33399999999992,10345
2026-05-26T00:00:00+00:00,98.17000000000002,99.83900000000001,98.14900000000002,99.59500000000001,7589.150101058138
2026-05-26T01:00:00+00:00,99.59500000000001,100.26500000000001,99.43800000000002,99.98500000000001,4815
2026-05-26T02:00:00+00:00,99.98500000000001,100.10000000000002,99.55800000000002,99.70800000000001,3079
2026-05-26T03:00:00+00:00,99.70800000000001,99.88800000000002,99.56300000000002,99.81900000000002,2272
2026-05-26T04:00:00+00:00,99.81900000000002,100.29900000000002,99.74800000000002,100.21000000000002,2086
2026-05-26T05:00:00+00:00,100.21000000000002,100.70000000000002,99.92900000000002,100.12800000000001,4046
2026-05-26T06:00:00+00:00,100.12800000000001,100.63500000000002,99.73300000000002,100.00000000000001,5392
2026-05-26T07:00:00+00:00,100.00000000000001,101.23500000000001,99.84800000000001,100.81400000000002,11573
2026-05-26T08:00:00+00:00,100.81400000000002,101.95000000000002,100.63300000000002,101.51800000000001,12351
2026-05-26T09:00:00+00:00,101.51800000000001,101.62000000000002,100.88400000000001,100.96300000000002,7045
2026-05-26T10:00:00+00:00,100.96300000000002,101.05500000000002,99.75900000000001,100.28000000000002,7925
2026-05-26T11:00:00+00:00,100.28000000000002,101.08000000000001,100.19000000000001,100.85900000000002,7414
2026-05-26T12:00:00+00:00,100.85900000000002,101.49800000000002,100.54900000000002,100.88900000000002,7598
2026-05-26T13:00:00+00:00,100.88900000000002,102.57500000000002,100.64800000000002,102.21000000000002,13558
2026-05-26T14:00:00+00:00,102.21000000000002,102.46400000000001,101.23000000000002,102.20900000000002,15668
2026-05-26T15:00:00+00:00,102.20900000000002,102.54500000000002,101.87000000000002,101.93400000000001,14029
2026-05-26T16:00:00+00:00,101.93400000000001,102.16900000000003,101.38400000000001,101.67900000000002,7273
2026-05-26T17:00:00+00:00,101.67900000000002,101.90500000000002,101.16800000000002,101.40500000000002,8059
2026-05-26T18:00:00+00:00,101.40500000000002,101.94400000000002,100.99900000000002,101.26400000000002,11961
2026-05-26T19:00:00+00:00,101.26400000000002,101.70300000000002,101.25800000000002,101.30500000000002,5170
2026-05-26T20:00:00+00:00,101.30500000000002,101.65300000000002,100.99800000000002,101.42300000000002,4094
2026-05-27T00:00:00+00:00,101.42300000000002,101.45500000000003,100.67200000000003,100.82000000000004,4220.1703156822805
2026-05-27T01:00:00+00:00,100.82000000000004,101.08100000000003,100.37600000000003,100.69700000000003,5895
2026-05-27T02:00:00+00:00,100.69700000000003,100.69700000000003,99.98000000000003,100.21000000000002,4659
2026-05-27T03:00:00+00:00,100.21000000000002,100.23100000000002,99.73100000000002,99.88200000000003,4401
2026-05-27T04:00:00+00:00,99.88200000000003,99.93100000000003,99.70100000000004,99.83700000000003,2520
2026-05-27T05:00:00+00:00,99.83700000000003,100.08700000000003,99.65500000000003,99.78100000000003,4064
2026-05-27T06:00:00+00:00,99.78100000000003,99.97200000000002,99.38000000000002,99.52200000000003,6563
2026-05-27T07:00:00+00:00,99.52200000000003,99.69500000000004,98.97000000000003,99.04600000000003,9405
2026-05-27T08:00:00+00:00,99.04600000000003,99.15100000000002,97.66500000000003,98.13600000000002,13387
2026-05-27T09:00:00+00:00,98.13600000000002,98.56000000000003,97.72500000000002,98.04500000000003,9008
2026-05-27T10:00:00+00:00,98.04500000000003,98.70100000000004,97.99600000000002,98.47500000000002,5864
2026-05-27T11:00:00+00:00,98.47500000000002,99.10700000000003,98.38500000000003,98.77100000000003,8648
2026-05-27T12:00:00+00:00,98.77100000000003,98.99000000000002,96.01000000000003,96.95000000000003,23850
2026-05-27T13:00:00+00:00,96.95000000000003,97.84700000000002,96.88000000000002,97.70700000000004,14904
2026-05-27T14:00:00+00:00,97.70700000000004,98.52600000000002,97.33100000000003,98.44500000000004,16607
2026-05-27T15:00:00+00:00,98.44500000000004,98.93000000000004,97.49700000000003,97.69000000000003,17159
2026-05-27T16:00:00+00:00,97.69000000000003,98.02200000000003,96.97100000000003,97.53500000000003,9452
2026-05-27T17:00:00+00:00,97.53500000000003,97.74700000000003,96.61000000000003,96.90200000000003,8239
2026-05-27T18:00:00+00:00,96.90200000000003,96.98200000000003,95.99700000000003,96.39500000000002,10219
2026-05-27T19:00:00+00:00,96.39500000000002,97.05700000000003,96.28200000000002,96.83200000000004,4067
2026-05-27T20:00:00+00:00,96.83200000000004,96.99700000000003,96.75100000000003,96.82500000000003,2724
2026-05-28T00:00:00+00:00,96.82500000000003,98.35200000000002,96.80500000000004,98.20000000000002,3845.88452317528
2026-05-28T01:00:00+00:00,98.20000000000002,98.21200000000002,97.68500000000003,97.85100000000003,3982
2026-05-28T02:00:00+00:00,97.85100000000003,98.46500000000002,97.46100000000003,98.42000000000003,3723
2026-05-28T03:00:00+00:00,98.42000000000003,99.75900000000003,98.42000000000003,99.74300000000002,6685.824525185797
2026-05-28T04:00:00+00:00,99.74300000000002,100.07300000000004,99.54700000000003,99.66700000000003,3837
2026-05-28T05:00:00+00:00,99.66700000000003,99.71900000000002,98.82800000000003,99.01700000000002,4724
2026-05-28T06:00:00+00:00,99.01700000000002,99.08400000000003,98.37200000000003,98.75700000000003,5441
2026-05-28T07:00:00+00:00,98.75700000000003,98.96400000000003,98.42300000000003,98.51700000000002,5748
2026-05-28T08:00:00+00:00,98.51700000000002,98.73800000000003,98.15200000000003,98.20700000000002,10543
2026-05-28T09:00:00+00:00,98.20700000000002,98.29900000000004,97.32700000000003,97.74700000000003,6419
2026-05-28T10:00:00+00:00,97.74700000000003,99.06900000000003,97.60300000000002,98.76900000000003,6278
2026-05-28T11:00:00+00:00,98.76900000000003,99.05400000000003,98.52900000000002,98.72200000000002,7468
2026-05-28T12:00:00+00:00,98.72200000000002,98.82900000000004,97.68700000000003,97.72800000000002,7574
2026-05-28T13:00:00+00:00,97.72800000000002,98.59300000000003,97.49300000000002,97.98900000000003,9861
2026-05-28T14:00:00+00:00,97.98900000000003,98.34200000000003,94.41900000000003,96.69900000000003,30095
2026-05-28T15:00:00+00:00,96.69900000000003,96.96700000000003,95.98700000000002,96.28700000000003,16375
2026-05-28T16:00:00+00:00,96.28700000000003,96.70900000000003,94.78700000000003,94.95800000000003,13944
2026-05-28T17:00:00+00:00,94.95800000000003,95.76800000000003,94.88700000000003,95.52700000000003,9072
2026-05-28T18:00:00+00:00,95.52700000000003,96.13800000000003,95.37700000000002,95.85900000000002,13938
2026-05-28T19:00:00+00:00,95.85900000000002,96.09800000000003,95.59200000000003,96.09700000000002,4359
2026-05-28T20:00:00+00:00,96.09700000000002,96.25400000000003,95.38700000000003,95.40400000000002,4260
2026-05-29T00:00:00+00:00,95.40400000000002,95.41000000000003,93.57700000000003,94.20800000000003,3957.0578522357478
2026-05-29T01:00:00+00:00,94.20800000000003,94.35300000000002,93.48700000000002,93.76700000000002,5046
2026-05-29T02:00:00+00:00,93.76700000000002,94.05300000000003,93.47400000000003,93.81800000000003,3740
2026-05-29T03:00:00+00:00,93.81800000000003,94.30300000000003,93.41300000000003,94.15800000000003,4735
2026-05-29T04:00:00+00:00,94.15800000000003,94.20400000000004,93.25700000000003,93.57400000000003,7427
2026-05-29T05:00:00+00:00,93.57400000000003,93.93900000000004,93.48800000000003,93.81400000000004,2599
2026-05-29T06:00:00+00:00,93.81400000000004,93.86800000000002,93.14400000000003,93.34300000000003,4489
2026-05-29T07:00:00+00:00,93.34300000000003,94.67400000000004,93.24200000000003,94.51800000000003,7394
2026-05-29T08:00:00+00:00,94.51800000000003,94.80300000000003,94.13900000000002,94.30900000000003,6944
2026-05-29T09:00:00+00:00,94.30900000000003,94.34300000000003,92.53800000000003,93.03200000000002,12889
2026-05-29T10:00:00+00:00,93.03200000000002,93.33700000000003,92.36900000000003,92.92300000000003,6665
2026-05-29T11:00:00+00:00,92.92300000000003,93.63900000000002,92.64700000000003,93.01800000000003,7380
2026-05-29T12:00:00+00:00,93.01800000000003,93.45800000000003,92.78700000000003,92.88300000000002,7956
2026-05-29T13:00:00+00:00,92.88300000000002,93.24800000000003,92.32200000000003,93.14200000000002,12801
2026-05-29T14:00:00+00:00,93.14200000000002,94.05900000000003,92.65700000000002,93.05300000000003,16918
2026-05-29T15:00:00+00:00,93.05300000000003,93.14100000000003,91.80700000000003,92.92100000000003,23478.550376111238
2026-05-29T16:00:00+00:00,92.92100000000003,93.19000000000004,92.14000000000003,92.43500000000003,11051
2026-05-29T17:00:00+00:00,92.43500000000003,93.02600000000004,92.40000000000003,92.92100000000003,8537
2026-05-29T18:00:00+00:00,92.92100000000003,93.62600000000003,92.64000000000003,93.35200000000003,13152
2026-05-29T19:00:00+00:00,93.35200000000003,93.80700000000003,93.15000000000003,93.74000000000004,5242
2026-05-29T20:00:00+00:00,93.74000000000004,93.80100000000003,93.38000000000004,93.41700000000003,2221
2026-06-01T00:00:00+00:00,93.41700000000003,95.44900000000003,93.41200000000002,94.87400000000002,2734.6131520940485
2026-06-01T01:00:00+00:00,94.87400000000002,95.55400000000002,94.51600000000002,95.28900000000003,4571
2026-06-01T02:00:00+00:00,95.28900000000003,95.44600000000003,94.93400000000003,95.03400000000002,2753
2026-06-01T03:00:00+00:00,95.03400000000002,95.41500000000002,94.69400000000002,95.25400000000002,3409
2026-06-01T04:00:00+00:00,95.25400000000002,95.41500000000002,94.63400000000003,95.01500000000003,2466
2026-06-01T05:00:00+00:00,95.01500000000003,95.42100000000002,94.86500000000002,95.18000000000002,2535
2026-06-01T06:00:00+00:00,95.18000000000002,96.20100000000002,95.14500000000002,95.71900000000002,4876
2026-06-01T07:00:00+00:00,95.71900000000002,96.20100000000002,95.63900000000002,95.89100000000002,5219
2026-06-01T08:00:00+00:00,95.89100000000002,96.59900000000002,95.72400000000002,96.18500000000002,7638
2026-06-01T09:00:00+00:00,96.18500000000002,96.43400000000003,95.88400000000003,95.99100000000003,4590
2026-06-01T10:00:00+00:00,95.99100000000003,96.20500000000003,95.81400000000002,96.00900000000003,3686
2026-06-01T11:00:00+00:00,96.00900000000003,96.13500000000002,95.49400000000003,95.57100000000003,4630
2026-06-01T12:00:00+00:00,95.57100000000003,95.67000000000003,94.56900000000002,94.97100000000002,9474
2026-06-01T13:00:00+00:00,94.97100000000002,99.22400000000002,94.86900000000003,99.19600000000003,34863
2026-06-01T14:00:00+00:00,99.19600000000003,99.57600000000002,98.06500000000003,99.49600000000002,19167
2026-06-01T15:00:00+00:00,99.49600000000002,99.74400000000003,97.58400000000002,98.93100000000003,19934
2026-06-01T16:00:00+00:00,98.93100000000003,99.52900000000002,97.81400000000002,97.87000000000002,16689
2026-06-01T17:00:00+00:00,97.87000000000002,98.30600000000003,96.10400000000003,96.85400000000003,19442
2026-06-01T18:00:00+00:00,96.85400000000003,97.36600000000003,96.48100000000002,97.27000000000002,10984
2026-06-01T19:00:00+00:00,97.27000000000002,97.40100000000002,96.90000000000002,97.24600000000002,4996
2026-06-01T20:00:00+00:00,97.24600000000002,97.49100000000003,97.03400000000002,97.32000000000002,4446
2026-06-02T00:00:00+00:00,97.32000000000002,97.38700000000001,96.69600000000003,97.28700000000002,2821.6710080043413
2026-06-02T01:00:00+00:00,97.28700000000002,97.49300000000002,96.33600000000001,96.57600000000002,8552
2026-06-02T02:00:00+00:00,96.57600000000002,96.78800000000003,96.28600000000002,96.65600000000002,3854
2026-06-02T03:00:00+00:00,96.65600000000002,96.69800000000002,96.20800000000003,96.35700000000001,2242
2026-06-02T04:00:00+00:00,96.35700000000001,96.40700000000002,96.07300000000002,96.12700000000002,1544
2026-06-02T05:00:00+00:00,96.12700000000002,96.37800000000001,95.88600000000002,96.27700000000002,3168
2026-06-02T06:00:00+00:00,96.27700000000002,96.53200000000002,95.84100000000002,96.37100000000002,5049
2026-06-02T07:00:00+00:00,96.37100000000002,96.60600000000002,95.36600000000001,95.55700000000002,8180
2026-06-02T08:00:00+00:00,95.55700000000002,95.94800000000002,94.84600000000002,95.28200000000002,13042
2026-06-02T09:00:00+00:00,95.28200000000002,95.83700000000002,94.81700000000002,95.78100000000002,7015
2026-06-02T10:00:00+00:00,95.78100000000002,96.12800000000001,95.72100000000002,95.82300000000002,4971
2026-06-02T11:00:00+00:00,95.82300000000002,95.97300000000001,95.51100000000002,95.78300000000002,4548
2026-06-02T12:00:00+00:00,95.78300000000002,96.35600000000002,95.47300000000001,96.05100000000002,8155
2026-06-02T13:00:00+00:00,96.05100000000002,97.11600000000001,96.01100000000002,97.01700000000002,16802
2026-06-02T14:00:00+00:00,97.01700000000002,97.38800000000002,96.61600000000001,96.88700000000001,13551
2026-06-02T15:00:00+00:00,96.88700000000001,97.73100000000002,96.52100000000002,97.47600000000001,12566
2026-06-02T16:00:00+00:00,97.47600000000001,98.04200000000002,97.12600000000002,97.70600000000002,9284
2026-06-02T17:00:00+00:00,97.70600000000002,98.24300000000002,97.47600000000001,98.13600000000002,7442
2026-06-02T18:00:00+00:00,98.13600000000002,98.27300000000002,97.52600000000002,98.15200000000002,9225
2026-06-02T19:00:00+00:00,98.15200000000002,98.17300000000002,97.88100000000001,98.01700000000002,2872
2026-06-02T20:00:00+00:00,98.01700000000002,98.06800000000003,97.73100000000002,97.80100000000002,3579
2026-06-03T00:00:00+00:00,97.80100000000002,99.15900000000002,97.79700000000003,98.66300000000003,3589.2788331071915
2026-06-03T01:00:00+00:00,98.66300000000003,99.24200000000002,98.44200000000002,98.94300000000003,4759
2026-06-03T02:00:00+00:00,98.94300000000003,99.00300000000001,98.69300000000003,98.89300000000001,2218
2026-06-03T03:00:00+00:00,98.89300000000001,98.96300000000002,98.69300000000003,98.89200000000002,1548
2026-06-03T04:00:00+00:00,98.89200000000002,99.28400000000002,98.89200000000002,99.07400000000003,1652
2026-06-03T05:00:00+00:00,99.07400000000003,99.78400000000002,98.97200000000002,99.76900000000002,3363
2026-06-03T06:00:00+00:00,99.76900000000002,99.98900000000002,99.43800000000002,99.87800000000001,6832
2026-06-03T07:00:00+00:00,99.87800000000001,100.12700000000002,99.59200000000001,99.95700000000002,6763
2026-06-03T08:00:00+00:00,99.95700000000002,100.66900000000003,99.75400000000002,100.44900000000003,11497
2026-06-03T09:00:00+00:00,100.44900000000003,100.97400000000002,100.07800000000002,100.89700000000002,8456
2026-06-03T10:00:00+00:00,100.89700000000002,100.98400000000002,99.75700000000002,100.26700000000002,12289
2026-06-03T11:00:00+00:00,100.26700000000002,100.30900000000003,99.78700000000002,99.94700000000002,6201
2026-06-03T12:00:00+00:00,99.94700000000002,100.45300000000002,99.62200000000001,99.96900000000002,7617
2026-06-03T13:00:00+00:00,99.96900000000002,100.04900000000002,98.88800000000002,98.94800000000002,15413
2026-06-03T14:00:00+00:00,98.94800000000002,99.81900000000002,98.78800000000003,99.47900000000001,15194
2026-06-03T15:00:00+00:00,99.47900000000001,100.18900000000002,99.24700000000001,99.94700000000002,14498
2026-06-03T16:00:00+00:00,99.94700000000002,100.19900000000003,99.62800000000001,99.70400000000002,8997
2026-06-03T17:00:00+00:00,99.70400000000002,100.25200000000002,99.37400000000002,100.08200000000002,7310
2026-06-03T18:00:00+00:00,100.08200000000002,100.31300000000002,99.67900000000002,99.94800000000002,8875
2026-06-03T19:00:00+00:00,99.94800000000002,100.05900000000003,99.61200000000002,99.96900000000002,4010
2026-06-03T20:00:00+00:00,99.96900000000002,100.066,99.68900000000001,99.879,4598.957397590361
2026-06-04T00:00:00+00:00,99.879,99.884,98.874,98.895,3638.531984691088
2026-06-04T01:00:00+00:00,98.895,99.111,98.416,98.636,4439
2026-06-04T02:00:00+00:00,98.636,98.756,98.476,98.505,2301
2026-06-04T03:00:00+00:00,98.505,99.165,98.474,98.82,2096
2026-06-04T04:00:00+00:00,98.82,99.086,98.779,98.876,2013
2026-06-04T05:00:00+00:00,98.876,99.289,98.814,98.814,3183
2026-06-04T06:00:00+00:00,98.814,99.155,98.604,98.919,4155
2026-06-04T07:00:00+00:00,98.919,99.251,98.591,99.08,5970
2026-06-04T08:00:00+00:00,99.08,99.341,98.025,98.521,13648
2026-06-04T09:00:00+00:00,98.521,98.685,97.581,98.079,7840
2026-06-04T10:00:00+00:00,98.079,98.775,98.074,98.376,6196
2026-06-04T11:00:00+00:00,98.376,98.411,96.33,96.369,13017
2026-06-04T12:00:00+00:00,96.369,96.921,95.914,96.719,15127
2026-06-04T13:00:00+00:00,96.719,97.371,96.615,96.771,13844
2026-06-04T14:00:00+00:00,96.771,97.405,96.605,97.321,10023
2026-06-04T15:00:00+00:00,97.321,97.424,96.704,97.021,11235
2026-06-04T16:00:00+00:00,97.021,97.144,96.555,96.719,5920
2026-06-04T17:00:00+00:00,96.719,96.844,96.314,96.596,5426
2026-06-04T18:00:00+00:00,96.596,97.415,96.14,97.266,12075
2026-06-04T19:00:00+00:00,97.266,97.364,97.044,97.255,2981
2026-06-04T20:00:00+00:00,97.255,97.286,97.069,97.134,2421
2026-06-05T00:00:00+00:00,97.134,97.311,96.896,96.961,2285.638178792921
2026-06-05T01:00:00+00:00,96.961,97.482,96.771,97.44500000000001,3492
2026-06-05T02:00:00+00:00,97.44500000000001,97.876,97.415,97.736,2889
2026-06-05T03:00:00+00:00,97.736,97.762,97.26,97.415,1992
2026-06-05T04:00:00+00:00,97.415,97.447,97.2,97.33,2020
2026-06-05T05:00:00+00:00,97.33,97.53200000000001,97.272,97.30000000000001,3054
2026-06-05T06:00:00+00:00,97.30000000000001,97.48,96.97,97.055,4854
2026-06-05T07:00:00+00:00,97.055,97.131,96.33500000000001,96.887,6008
2026-06-05T08:00:00+00:00,96.887,97.07000000000001,95.637,96.932,12982
2026-06-05T09:00:00+00:00,96.932,97.16000000000001,96.05000000000001,96.917,11630
2026-06-05T10:00:00+00:00,96.917,97.03200000000001,96.545,96.816,5587
2026-06-05T11:00:00+00:00,96.816,97.427,96.485,96.801,6783
2026-06-05T12:00:00+00:00,96.801,97.13600000000001,96.51,96.56500000000001,8120
2026-06-05T13:00:00+00:00,96.56500000000001,96.741,95.72200000000001,95.955,14385
2026-06-05T14:00:00+00:00,95.955,96.117,95.09100000000001,95.882,15906
2026-06-05T15:00:00+00:00,95.882,96.042,95.19500000000001,95.46299999999998,12873.709493670885
2026-06-05T16:00:00+00:00,95.46299999999998,95.66399999999999,94.66299999999998,94.98399999999998,9661
2026-06-05T17:00:00+00:00,94.98399999999998,95.22999999999999,94.76799999999999,94.92899999999999,6665
2026-06-05T18:00:00+00:00,94.92899999999999,95.27999999999999,94.71299999999998,94.92299999999999,10584
2026-06-05T19:00:00+00:00,94.92299999999999,95.10499999999999,94.72399999999999,94.954,4265
2026-06-05T20:00:00+00:00,94.954,95.15299999999999,94.91899999999998,94.94999999999999,2917
2026-06-08T00:00:00+00:00,94.94999999999999,97.49999999999999,94.89899999999999,97.20999999999998,3242.41
2026-06-08T01:00:00+00:00,97.20999999999998,99.14799999999998,97.01799999999999,97.91399999999999,14337
2026-06-08T02:00:00+00:00,97.91399999999999,98.93999999999998,97.83899999999998,98.44899999999998,8643
2026-06-08T03:00:00+00:00,98.44899999999998,98.78999999999998,98.20299999999999,98.39299999999999,5240
2026-06-08T04:00:00+00:00,98.39299999999999,99.38499999999998,98.39299999999999,99.26299999999998,6863
2026-06-08T05:00:00+00:00,99.26299999999998,99.77399999999999,98.94799999999998,99.39999999999998,10216
2026-06-08T06:00:00+00:00,99.39999999999998,99.83499999999998,98.92799999999998,99.64299999999999,11119
2026-06-08T07:00:00+00:00,99.64299999999999,99.88299999999998,98.97399999999999,99.60499999999999,10783
2026-06-08T08:00:00+00:00,99.60499999999999,100.08999999999999,98.94299999999998,99.39999999999998,15730
2026-06-08T09:00:00+00:00,99.39999999999998,99.50499999999998,98.69799999999998,98.87799999999999,9520
2026-06-08T10:00:00+00:00,98.87799999999999,99.60899999999998,97.82899999999998,98.09499999999998,14074
2026-06-08T11:00:00+00:00,98.09499999999998,98.30799999999998,95.92999999999998,96.07899999999998,22255
2026-06-08T12:00:00+00:00,96.07899999999998,97.12899999999998,95.93899999999998,96.89399999999998,13542
2026-06-08T13:00:00+00:00,96.89399999999998,96.93999999999998,95.66999999999999,96.26499999999999,17652
2026-06-08T14:00:00+00:00,96.26499999999999,97.22399999999999,96.18399999999998,96.70499999999998,14168
2026-06-08T15:00:00+00:00,96.70499999999998,97.16899999999998,96.31799999999998,96.76299999999998,13282
2026-06-08T16:00:00+00:00,96.76299999999998,96.90499999999999,96.20299999999999,96.55999999999999,9728
2026-06-08T17:00:00+00:00,96.55999999999999,96.56499999999998,96.01799999999999,96.32999999999998,8563
2026-06-08T18:00:00+00:00,96.32999999999998,96.48399999999998,95.93799999999999,96.23499999999999,9957
2026-06-08T19:00:00+00:00,96.23499999999999,96.45799999999998,96.12799999999999,96.22799999999998,4542
2026-06-08T20:00:00+00:00,96.22799999999998,96.52399999999999,96.09899999999999,96.21499999999999,4534
2026-06-09T00:00:00+00:00,96.21499999999999,96.46499999999999,95.86399999999999,96.09499999999998,3087.7977781355657
2026-06-09T01:00:00+00:00,96.09499999999998,96.19499999999998,95.61899999999999,95.98499999999999,4297
2026-06-09T02:00:00+00:00,95.98499999999999,96.05999999999999,95.49399999999999,95.63299999999998,3152
2026-06-09T03:00:00+00:00,95.63299999999998,95.70499999999998,95.14899999999999,95.37899999999998,3259
2026-06-09T04:00:00+00:00,95.37899999999998,95.65499999999999,95.31299999999999,95.53999999999998,3028
2026-06-09T05:00:00+00:00,95.53999999999998,95.60499999999999,95.04399999999998,95.37399999999998,6941
2026-06-09T06:00:00+00:00,95.37399999999998,95.38999999999999,94.84299999999999,95.25499999999998,7526
2026-06-09T07:00:00+00:00,95.25499999999998,95.46499999999999,94.71299999999998,94.98399999999998,7582
2026-06-09T08:00:00+00:00,94.98399999999998,95.14799999999998,94.03499999999998,94.55899999999998,11463
2026-06-09T09:00:00+00:00,94.55899999999998,94.68999999999998,94.06299999999999,94.52299999999998,6282
2026-06-09T10:00:00+00:00,94.52299999999998,94.80499999999998,94.04399999999998,94.26399999999998,6515
2026-06-09T11:00:00+00:00,94.26399999999998,95.08999999999999,94.23899999999999,94.80999999999999,6930
2026-06-09T12:00:00+00:00,94.80999999999999,95.06999999999998,94.43499999999999,94.53299999999999,8002
2026-06-09T13:00:00+00:00,94.53299999999999,94.91999999999999,92.83799999999998,93.13499999999998,18576
2026-06-09T14:00:00+00:00,93.13499999999998,93.63299999999998,92.69799999999998,93.20899999999999,15972
2026-06-09T15:00:00+00:00,93.20899999999999,93.28499999999998,92.16799999999998,92.18799999999999,12782
2026-06-09T16:00:00+00:00,92.18799999999999,95.00399999999998,91.61399999999999,93.44299999999998,30016
2026-06-09T17:00:00+00:00,93.44299999999998,93.95499999999998,92.78999999999998,93.54899999999998,18853
2026-06-09T18:00:00+00:00,93.54899999999998,93.94899999999998,93.28799999999998,93.44999999999999,12847
2026-06-09T19:00:00+00:00,93.44999999999999,93.90999999999998,93.32899999999998,93.62399999999998,5549
2026-06-09T20:00:00+00:00,93.62399999999998,94.03499999999998,93.52499999999998,93.87399999999998,4951
2026-06-10T00:00:00+00:00,93.87399999999998,95.28999999999998,93.86999999999998,94.28099999999998,5184.687931794797
2026-06-10T01:00:00+00:00,94.28099999999998,94.77099999999999,93.68099999999998,94.60999999999999,5882
2026-06-10T02:00:00+00:00,94.60999999999999,94.78399999999998,94.06899999999999,94.32999999999998,2971
2026-06-10T03:00:00+00:00,94.32999999999998,94.48099999999998,93.90399999999998,93.95999999999998,2466
2026-06-10T04:00:00+00:00,93.95999999999998,94.24999999999999,93.89899999999999,93.95999999999998,3358
2026-06-10T05:00:00+00:00,93.95999999999998,94.03099999999998,93.16899999999998,93.34899999999999,7180
2026-06-10T06:00:00+00:00,93.34899999999999,93.60099999999998,92.88899999999998,93.55399999999999,7365
2026-06-10T07:00:00+00:00,93.55399999999999,94.01599999999998,92.97399999999999,93.43499999999999,8985
2026-06-10T08:00:00+00:00,93.43499999999999,94.34599999999999,92.80899999999998,93.11399999999999,12533
2026-06-10T09:00:00+00:00,93.11399999999999,93.72499999999998,92.82899999999998,93.21599999999998,8781
2026-06-10T10:00:00+00:00,93.21599999999998,93.63099999999999,92.90399999999998,93.17599999999999,7145
2026-06-10T11:00:00+00:00,93.17599999999999,95.49399999999999,92.95499999999998,95.11099999999999,26640
2026-06-10T12:00:00+00:00,95.11099999999999,95.16099999999999,93.84899999999999,94.14599999999999,15093
2026-06-10T13:00:00+00:00,94.14599999999999,94.92599999999999,94.06399999999998,94.80599999999998,12357
2026-06-10T14:00:00+00:00,94.80599999999998,95.22999999999999,94.54899999999998,95.15599999999998,12291
2026-06-10T15:00:00+00:00,95.15599999999998,96.40099999999998,94.47499999999998,95.69499999999998,18802
2026-06-10T16:00:00+00:00,95.69499999999998,96.30099999999999,95.60399999999998,95.98499999999999,10812
2026-06-10T17:00:00+00:00,95.98499999999999,96.69099999999999,95.80399999999999,95.95399999999998,8729
2026-06-10T18:00:00+00:00,95.95399999999998,96.01599999999998,94.89899999999999,95.33599999999998,12441
2026-06-10T19:00:00+00:00,95.33599999999998,95.64599999999999,95.28599999999999,95.42399999999998,4232
2026-06-10T20:00:00+00:00,95.42399999999998,96.79099999999998,95.29399999999998,96.77399999999999,8402.906007230213
2026-06-11T00:00:00+00:00,96.77399999999999,97.51999999999998,96.68299999999998,97.13499999999998,7241.250858034322
2026-06-11T01:00:00+00:00,97.13499999999998,97.20399999999998,96.11499999999998,96.53899999999999,8939
2026-06-11T02:00:00+00:00,96.53899999999999,96.87499999999999,96.33299999999998,96.45299999999999,4379
2026-06-11T03:00:00+00:00,96.45299999999999,97.00499999999998,96.42299999999999,96.73399999999998,2957
2026-06-11T04:00:00+00:00,96.73399999999998,96.89499999999998,95.96299999999998,96.09799999999998,4194
2026-06-11T05:00:00+00:00,96.09799999999998,96.13399999999999,95.25299999999999,95.57399999999998,8332
2026-06-11T06:00:00+00:00,95.57399999999998,95.90499999999999,95.32799999999999,95.43299999999998,6707
2026-06-11T07:00:00+00:00,95.43299999999998,95.44999999999999,94.29299999999998,94.77999999999999,10326
2026-06-11T08:00:00+00:00,94.77999999999999,94.85499999999999,93.75299999999999,94.18999999999998,13047
2026-06-11T09:00:00+00:00,94.18999999999998,94.69899999999998,94.01299999999998,94.20899999999999,7303
2026-06-11T10:00:00+00:00,94.20899999999999,94.37399999999998,93.63999999999999,93.97499999999998,8064
2026-06-11T11:00:00+00:00,93.97499999999998,94.34499999999998,93.66999999999999,93.98999999999998,9120
2026-06-11T12:00:00+00:00,93.98999999999998,96.17899999999999,93.80399999999999,94.91999999999999,26560
2026-06-11T13:00:00+00:00,94.91999999999999,95.57899999999998,94.00899999999999,94.15999999999998,18455
2026-06-11T14:00:00+00:00,94.15999999999998,95.03999999999998,94.14799999999998,94.66799999999998,14285
2026-06-11T15:00:00+00:00,94.66799999999998,95.84999999999998,94.55299999999998,95.57799999999999,14889
2026-06-11T16:00:00+00:00,95.57799999999999,96.05899999999998,95.27399999999999,95.45799999999998,9689
2026-06-11T17:00:00+00:00,95.45799999999998,95.51999999999998,91.49399999999999,92.23399999999998,36656
2026-06-11T18:00:00+00:00,92.23399999999998,93.09999999999998,91.87799999999999,92.54799999999999,24419
2026-06-11T19:00:00+00:00,92.54799999999999,92.56999999999998,90.59799999999998,91.22299999999998,20808
2026-06-11T20:00:00+00:00,91.22299999999998,91.28499999999998,90.48299999999999,91.17299999999999,13182
2026-06-12T00:00:00+00:00,91.17299999999999,91.49099999999999,90.91399999999999,91.41399999999999,3049.2897267206476
2026-06-12T01:00:00+00:00,91.41399999999999,91.75399999999999,91.27399999999999,91.41899999999998,5756
2026-06-12T02:00:00+00:00,91.41899999999998,91.49999999999999,91.08899999999998,91.359,2272
2026-06-12T03:00:00+00:00,91.359,91.58999999999999,90.79399999999998,90.81899999999999,3038
2026-06-12T04:00:00+00:00,90.81899999999999,90.90099999999998,90.58899999999998,90.62499999999999,3128
2026-06-12T05:00:00+00:00,90.62499999999999,90.71999999999998,90.21,90.59899999999999,7888
2026-06-12T06:00:00+00:00,90.59899999999999,90.68099999999998,90.25899999999999,90.615,7455
2026-06-12T07:00:00+00:00,90.615,90.88999999999999,89.51399999999998,89.63899999999998,9585
2026-06-12T08:00:00+00:00,89.63899999999998,89.68099999999998,87.84899999999999,88.62499999999999,20926
2026-06-12T09:00:00+00:00,88.62499999999999,88.92099999999999,88.26399999999998,88.91099999999999,8996
2026-06-12T10:00:00+00:00,88.91099999999999,89.93599999999999,88.77399999999999,89.36599999999999,10501
2026-06-12T11:00:00+00:00,89.36599999999999,90.02599999999998,88.88899999999998,89.77999999999999,9062
2026-06-12T12:00:00+00:00,89.77999999999999,90.52399999999999,89.609,90.079,10792
2026-06-12T13:00:00+00:00,90.079,91.86099999999999,89.92899999999999,91.69899999999998,19060
2026-06-12T14:00:00+00:00,91.69899999999998,91.91099999999999,89.499,89.70499999999998,20068
2026-06-12T15:00:00+00:00,89.70499999999998,89.80099999999999,88.698,88.96499999999999,17367.150098680795
2026-06-12T16:00:00+00:00,88.96499999999999,89.52499999999999,88.76799999999999,89.38799999999999,12092
2026-06-12T17:00:00+00:00,89.38799999999999,89.59499999999998,89.02999999999999,89.44899999999998,9047
2026-06-12T18:00:00+00:00,89.44899999999998,89.59499999999998,88.88999999999999,89.01299999999999,8158
2026-06-12T19:00:00+00:00,89.01299999999999,89.195,88.80799999999999,88.84299999999999,5272
2026-06-12T20:00:00+00:00,88.84299999999999,89.01899999999999,88.77799999999999,88.85,2491
2026-06-15T00:00:00+00:00,88.85,88.916,85.42099999999999,85.95599999999999,4344.67806667386
2026-06-15T01:00:00+00:00,85.95599999999999,86.25399999999999,85.505,86.04599999999999,6151
2026-06-15T02:00:00+00:00,86.04599999999999,86.04599999999999,85.145,85.214,3527
2026-06-15T03:00:00+00:00,85.214,85.54599999999999,85.14399999999999,85.396,3967
2026-06-15T04:00:00+00:00,85.396,85.481,85.295,85.33999999999999,2201
2026-06-15T05:00:00+00:00,85.33999999999999,85.94399999999999,85.316,85.794,4208
2026-06-15T06:00:00+00:00,85.794,86.036,85.404,85.521,6559
2026-06-15T07:00:00+00:00,85.521,85.645,84.78399999999999,85.401,7013
2026-06-15T08:00:00+00:00,85.401,85.71499999999999,84.954,85.149,10523
2026-06-15T09:00:00+00:00,85.149,85.256,84.64,85.021,7851
2026-06-15T10:00:00+00:00,85.021,85.389,84.794,85.309,5985
2026-06-15T11:00:00+00:00,85.309,85.32499999999999,84.869,85.189,5420
2026-06-15T12:00:00+00:00,85.189,85.411,84.95899999999999,85.22099999999999,5653
2026-06-15T13:00:00+00:00,85.22099999999999,85.48899999999999,84.954,85.00099999999999,8485
2026-06-15T14:00:00+00:00,85.00099999999999,85.246,84.50399999999999,85.241,8771
2026-06-15T15:00:00+00:00,85.241,85.54599999999999,84.779,84.859,9463
2026-06-15T16:00:00+00:00,84.859,85.326,84.69399999999999,85.314,5523
2026-06-15T17:00:00+00:00,85.314,85.511,85.00999999999999,85.31,4935
2026-06-15T18:00:00+00:00,85.31,85.545,85.139,85.461,7880
2026-06-15T19:00:00+00:00,85.461,85.865,85.44399999999999,85.701,2823
2026-06-15T20:00:00+00:00,85.701,85.97399999999999,85.564,85.60499999999999,2995
2026-06-16T00:00:00+00:00,85.60499999999999,85.876,85.60499999999999,85.76100000000001,1987.4572405929305
2026-06-16T01:00:00+00:00,85.76100000000001,85.796,85.296,85.37400000000001,4557
2026-06-16T02:00:00+00:00,85.37400000000001,85.47,85.015,85.116,2803
2026-06-16T03:00:00+00:00,85.116,85.17,84.974,85.05900000000001,1839
2026-06-16T04:00:00+00:00,85.05900000000001,85.186,84.911,84.94600000000001,1647
2026-06-16T05:00:00+00:00,84.94600000000001,84.95100000000001,84.679,84.899,4195
2026-06-16T06:00:00+00:00,84.899,85.16900000000001,84.741,84.93100000000001,4797
2026-06-16T07:00:00+00:00,84.93100000000001,84.93100000000001,83.93400000000001,83.995,8413
2026-06-16T08:00:00+00:00,83.995,84.19600000000001,83.12400000000001,83.271,14295
2026-06-16T09:00:00+00:00,83.271,83.95500000000001,83.271,83.616,6121
2026-06-16T10:00:00+00:00,83.616,83.65,83.01400000000001,83.16000000000001,5960
2026-06-16T11:00:00+00:00,83.16000000000001,83.236,82.84400000000001,82.94600000000001,6932
2026-06-16T12:00:00+00:00,82.94600000000001,82.956,81.729,82.245,13722
2026-06-16T13:00:00+00:00,82.245,82.97500000000001,82.18400000000001,82.7,13437
2026-06-16T14:00:00+00:00,82.7,82.831,81.929,82.14500000000001,11963
2026-06-16T15:00:00+00:00,82.14500000000001,82.424,80.754,81.10600000000001,16361
2026-06-16T16:00:00+00:00,81.10600000000001,81.28500000000001,80.57400000000001,80.849,11696
2026-06-16T17:00:00+00:00,80.849,81.131,80.584,80.95500000000001,9343
2026-06-16T18:00:00+00:00,80.95500000000001,81.489,80.774,81.384,8533
2026-06-16T19:00:00+00:00,81.384,82.11500000000001,81.34400000000001,81.77900000000001,5775
2026-06-16T20:00:00+00:00,81.77900000000001,81.816,81.459,81.616,7171
2026-06-17T00:00:00+00:00,81.616,81.712,81.431,81.64,2000.4489434671978
2026-06-17T01:00:00+00:00,81.64,81.69200000000001,81.09,81.171,4508
2026-06-17T02:00:00+00:00,81.171,81.292,81.055,81.135,2349
2026-06-17T03:00:00+00:00,81.135,81.142,80.53,80.60600000000001,2209
2026-06-17T04:00:00+00:00,80.60600000000001,80.906,80.505,80.61,2346
2026-06-17T05:00:00+00:00,80.61,81.35600000000001,80.21000000000001,81.156,5596
2026-06-17T06:00:00+00:00,81.156,81.327,80.24,80.57600000000001,7646
2026-06-17T07:00:00+00:00,80.57600000000001,80.896,79.9,80.732,8978
2026-06-17T08:00:00+00:00,80.732,81.642,80.51,81.2,11488
2026-06-17T09:00:00+00:00,81.2,81.45700000000001,80.65,81.152,6672
2026-06-17T10:00:00+00:00,81.152,81.575,80.827,81.456,6286
2026-06-17T11:00:00+00:00,81.456,82.11200000000001,81.311,81.837,6375
2026-06-17T12:00:00+00:00,81.837,82.021,81.59,81.71000000000001,6628
2026-06-17T13:00:00+00:00,81.71000000000001,82.42,81.637,82.23700000000001,10267
2026-06-17T14:00:00+00:00,82.23700000000001,85.062,81.89,82.73100000000001,22376
2026-06-17T15:00:00+00:00,82.73100000000001,82.946,81.515,81.642,15727
2026-06-17T16:00:00+00:00,81.642,82.022,81.27,81.321,7581
2026-06-17T17:00:00+00:00,81.321,82.002,81.06,81.312,8620
2026-06-17T18:00:00+00:00,81.312,81.92,81.236,81.415,14569
2026-06-17T19:00:00+00:00,81.415,81.526,80.95,81.036,7353
2026-06-17T20:00:00+00:00,81.036,81.117,80.73100000000001,80.83500000000001,3635
2026-06-18T00:00:00+00:00,80.83500000000001,81.057,80.72,81.022,2716.308781022625
2026-06-18T01:00:00+00:00,81.022,81.162,80.375,80.501,5783
2026-06-18T02:00:00+00:00,80.501,80.797,80.42,80.572,3240
2026-06-18T03:00:00+00:00,80.572,80.602,80.315,80.32600000000001,1430
2026-06-18T04:00:00+00:00,80.32600000000001,80.392,79.885,79.935,2144
2026-06-18T05:00:00+00:00,79.935,80.07600000000001,79.67,79.84700000000001,4630
2026-06-18T06:00:00+00:00,79.84700000000001,80.06700000000001,79.256,79.98700000000001,8550
2026-06-18T07:00:00+00:00,79.98700000000001,80.546,79.802,80.167,7339
2026-06-18T08:00:00+00:00,80.167,80.397,79.735,79.855,8653
2026-06-18T09:00:00+00:00,79.855,80.282,79.70100000000001,79.857,6571
2026-06-18T10:00:00+00:00,79.857,81.09700000000001,79.827,80.622,7697
2026-06-18T11:00:00+00:00,80.622,80.922,80.405,80.747,5602
2026-06-18T12:00:00+00:00,80.747,80.821,80.32000000000001,80.565,6046
2026-06-18T13:00:00+00:00,80.565,80.72200000000001,79.061,79.182,16508
2026-06-18T14:00:00+00:00,79.182,79.44200000000001,78.815,79.21600000000001,12014
2026-06-18T15:00:00+00:00,79.21600000000001,79.81700000000001,78.711,79.807,14087
2026-06-18T16:00:00+00:00,79.807,80.33200000000001,79.58500000000001,80.22,9274
2026-06-18T17:00:00+00:00,80.22,80.586,80.015,80.477,9380
2026-06-18T18:00:00+00:00,80.477,82.19200000000001,80.452,81.616,16698
2026-06-18T19:00:00+00:00,81.616,81.831,81.537,81.786,4621
2026-06-18T20:00:00+00:00,81.786,81.882,81.345,81.566,3394
2026-06-19T00:00:00+00:00,81.566,81.571,80.955,81.075,2308.0473612990527
2026-06-19T01:00:00+00:00,81.075,81.725,81,81.696,2107
2026-06-19T02:00:00+00:00,81.696,81.87599999999999,81.54599999999999,81.627,1475
2026-06-19T03:00:00+00:00,81.627,81.77,81.236,81.31099999999999,1768
2026-06-19T04:00:00+00:00,81.31099999999999,81.931,81.30499999999999,81.666,2419
2026-06-19T05:00:00+00:00,81.666,82.491,81.655,82.236,4204
2026-06-19T06:00:00+00:00,82.236,82.861,82.09,82.181,5272
2026-06-19T07:00:00+00:00,82.181,82.666,81.98,82.291,5012
2026-06-19T08:00:00+00:00,82.291,82.512,81.205,81.712,10574
2026-06-19T09:00:00+00:00,81.712,81.782,81.235,81.46,5302
2026-06-19T10:00:00+00:00,81.46,82.077,81.451,81.761,6191
2026-06-19T11:00:00+00:00,81.761,82.438,81.72200000000001,82.004,5415.416712136565
2026-06-19T12:00:00+00:00,82.004,82.68900000000001,81.172,81.242,9826
2026-06-19T13:00:00+00:00,81.242,81.933,80.927,81.932,8989
2026-06-19T14:00:00+00:00,81.932,82.259,81.83800000000001,82.21900000000001,5017
2026-06-19T15:00:00+00:00,82.21900000000001,82.769,82.157,82.632,7514
2026-06-19T16:00:00+00:00,82.632,82.949,82.557,82.723,3870
2026-06-19T17:00:00+00:00,82.723,82.744,82.259,82.524,2904
2026-06-22T00:00:00+00:00,81.99900000000001,83.25800000000001,81.84700000000001,82.43200000000002,4029.754933726068
2026-06-22T01:00:00+00:00,82.43200000000002,82.44600000000001,80.80100000000002,81.05300000000001,10612
2026-06-22T02:00:00+00:00,81.05300000000001,81.06300000000002,80.26300000000002,80.62600000000002,4426
2026-06-22T03:00:00+00:00,80.62600000000002,81.12800000000001,80.58600000000001,80.91700000000002,2878
2026-06-22T04:00:00+00:00,80.91700000000002,80.98800000000001,80.68100000000001,80.686,1573
2026-06-22T05:00:00+00:00,80.686,80.74800000000002,80.33600000000001,80.59300000000002,4783
2026-06-22T06:00:00+00:00,80.59300000000002,80.77300000000001,80.15700000000001,80.63100000000001,5740
2026-06-22T07:00:00+00:00,80.63100000000001,81.49300000000001,80.53600000000002,81.13200000000002,6945
2026-06-22T08:00:00+00:00,81.13200000000002,81.69300000000001,80.56700000000001,80.683,13183
2026-06-22T09:00:00+00:00,80.683,80.97800000000001,80.531,80.85800000000002,5724
2026-06-22T10:00:00+00:00,80.85800000000002,80.97800000000001,80.68100000000001,80.802,4394
2026-06-22T11:00:00+00:00,80.802,80.90300000000002,79.97700000000002,80.50600000000001,8777
2026-06-22T12:00:00+00:00,80.50600000000001,80.62800000000001,79.89700000000002,80.11700000000002,7784
2026-06-22T13:00:00+00:00,80.11700000000002,80.73700000000001,79.13300000000001,79.39200000000001,17567
2026-06-22T14:00:00+00:00,79.39200000000001,79.90300000000002,79.13700000000001,79.63100000000001,12617
2026-06-22T15:00:00+00:00,79.63100000000001,79.64100000000002,78.78600000000002,79.02100000000002,13922.278538812785
2026-06-22T16:00:00+00:00,79.02100000000002,79.54100000000001,78.99500000000002,79.28600000000002,6293
2026-06-22T17:00:00+00:00,79.28600000000002,79.44100000000002,78.92900000000002,78.96900000000002,5348
2026-06-22T18:00:00+00:00,78.96900000000002,79.62100000000002,78.96400000000001,79.58100000000002,7956
2026-06-22T19:00:00+00:00,79.58100000000002,79.90100000000002,79.56400000000002,79.81000000000002,2873
2026-06-22T20:00:00+00:00,79.81000000000002,79.83900000000001,79.47400000000002,79.53500000000001,2380
2026-06-23T00:00:00+00:00,79.53500000000001,79.78000000000002,79.46900000000001,79.68,2552.031720856463
2026-06-23T01:00:00+00:00,79.68,79.76000000000002,79.25400000000002,79.41600000000001,4763
2026-06-23T02:00:00+00:00,79.41600000000001,79.796,79.25500000000001,79.37500000000001,3373
2026-06-23T03:00:00+00:00,79.37500000000001,79.40400000000001,79.034,79.09600000000002,3422
2026-06-23T04:00:00+00:00,79.09600000000002,79.23600000000002,79.034,79.19100000000002,1803.6818378846988
2026-06-23T05:00:00+00:00,79.19100000000002,79.22500000000001,78.47400000000002,78.50500000000001,4425
2026-06-23T06:00:00+00:00,78.50500000000001,78.62100000000001,78.01000000000002,78.40000000000002,6565
2026-06-23T07:00:00+00:00,78.40000000000002,78.64400000000002,77.99900000000001,78.59400000000001,5991
2026-06-23T08:00:00+00:00,78.59400000000001,79.305,78.57400000000001,78.96500000000002,9388
2026-06-23T09:00:00+00:00,78.96500000000002,79.15100000000001,78.65400000000001,79.01600000000002,5196
2026-06-23T10:00:00+00:00,79.01600000000002,79.53600000000002,78.87400000000001,79.47100000000002,4941
2026-06-23T11:00:00+00:00,79.47100000000002,79.62000000000002,79.13600000000001,79.36600000000001,6041
2026-06-23T12:00:00+00:00,79.36600000000001,79.41000000000001,78.75900000000001,79.13600000000001,5604
2026-06-23T13:00:00+00:00,79.13600000000001,79.26100000000001,78.40400000000001,78.51500000000001,11067
2026-06-23T14:00:00+00:00,78.51500000000001,78.89100000000002,78.03900000000002,78.63500000000002,13511
2026-06-23T15:00:00+00:00,78.63500000000002,78.97100000000002,78.15000000000002,78.46000000000001,10678
2026-06-23T16:00:00+00:00,78.46000000000001,78.71500000000002,78.28500000000001,78.43,5532
2026-06-23T17:00:00+00:00,78.43,78.78100000000002,78.424,78.48400000000001,6571
2026-06-23T18:00:00+00:00,78.48400000000001,78.89600000000002,78.48400000000001,78.75400000000002,7687
2026-06-23T19:00:00+00:00,78.75400000000002,78.796,78.59600000000002,78.64600000000002,2228
2026-06-23T20:00:00+00:00,78.64600000000002,78.85000000000001,78.41000000000001,78.44100000000002,2354
2026-06-24T00:00:00+00:00,78.44100000000002,78.44100000000002,78.09400000000001,78.21900000000001,2456.158315789474
2026-06-24T01:00:00+00:00,78.21900000000001,78.45100000000001,77.75500000000001,78.08900000000001,5640
2026-06-24T02:00:00+00:00,78.08900000000001,78.311,77.58100000000002,77.60600000000001,3646
2026-06-24T03:00:00+00:00,77.60600000000001,77.89500000000001,77.49900000000001,77.84900000000002,2707
2026-06-24T04:00:00+00:00,77.84900000000002,78.14600000000002,77.84600000000002,78.05000000000001,1438
2026-06-24T05:00:00+00:00,78.05000000000001,78.17900000000002,77.799,77.88000000000001,3200
2026-06-24T06:00:00+00:00,77.88000000000001,78.54500000000002,77.78900000000002,77.92900000000002,7265
2026-06-24T07:00:00+00:00,77.92900000000002,77.95900000000002,77.269,77.29,6094
2026-06-24T08:00:00+00:00,77.29,77.42600000000002,76.99400000000001,77.37600000000002,9597
2026-06-24T09:00:00+00:00,77.37600000000002,77.47000000000001,76.91400000000002,77.31900000000002,7004
2026-06-24T10:00:00+00:00,77.31900000000002,77.59400000000001,77.025,77.12000000000002,5512
2026-06-24T11:00:00+00:00,77.12000000000002,77.16600000000001,76.18900000000001,76.21000000000001,7605
2026-06-24T12:00:00+00:00,76.21000000000001,76.34600000000002,76.01400000000001,76.10500000000002,7840
2026-06-24T13:00:00+00:00,76.10500000000002,76.14600000000002,74.84600000000002,74.921,17392
2026-06-24T14:00:00+00:00,74.921,75.531,74.77900000000001,75.025,13984
2026-06-24T15:00:00+00:00,75.025,75.76400000000001,74.86000000000001,75.60100000000001,12389
2026-06-24T16:00:00+00:00,75.60100000000001,76.04400000000001,75.33900000000001,75.64000000000001,5319
2026-06-24T17:00:00+00:00,75.64000000000001,75.75600000000001,75.11400000000002,75.50000000000001,6608
2026-06-24T18:00:00+00:00,75.50000000000001,75.55100000000002,74.69400000000002,74.72600000000001,7450
2026-06-24T19:00:00+00:00,74.72600000000001,74.921,74.61400000000002,74.84400000000001,3389
2026-06-24T20:00:00+00:00,74.84400000000001,74.85600000000001,74.62500000000001,74.73000000000002,2648
2026-06-25T00:00:00+00:00,74.73000000000002,75.08500000000002,74.72500000000002,74.86600000000001,1910.011900334697
2026-06-25T01:00:00+00:00,74.86600000000001,74.96600000000002,73.91500000000002,74.15000000000002,7739
2026-06-25T02:00:00+00:00,74.15000000000002,74.27100000000002,73.84900000000002,74.16000000000003,4624
2026-06-25T03:00:00+00:00,74.16000000000003,74.20600000000002,73.82000000000002,74.06400000000002,2972
2026-06-25T04:00:00+00:00,74.06400000000002,74.26600000000002,74.00900000000001,74.21000000000002,1393.7092910952288
2026-06-25T05:00:00+00:00,74.21000000000002,74.31600000000002,73.88900000000002,74.04400000000003,3311
2026-06-25T06:00:00+00:00,74.04400000000003,74.48500000000003,73.92400000000002,74.19100000000002,6279
2026-06-25T07:00:00+00:00,74.19100000000002,74.78600000000003,74.04400000000003,74.66000000000003,6325
2026-06-25T08:00:00+00:00,74.66000000000003,74.76000000000002,73.78500000000003,73.94000000000003,10122
2026-06-25T09:00:00+00:00,73.94000000000003,74.46100000000003,73.62500000000003,74.32500000000002,7247
2026-06-25T10:00:00+00:00,74.32500000000002,74.41600000000003,74.15900000000002,74.20400000000002,4164
2026-06-25T11:00:00+00:00,74.20400000000002,74.85500000000002,74.06500000000003,74.71100000000003,4533
2026-06-25T12:00:00+00:00,74.71100000000003,74.86600000000003,74.21900000000002,74.38900000000002,6728
2026-06-25T13:00:00+00:00,74.38900000000002,75.31000000000002,74.32900000000002,75.29100000000003,11570
2026-06-25T14:00:00+00:00,75.29100000000003,75.91600000000003,75.22400000000002,75.57400000000003,11382
2026-06-25T15:00:00+00:00,75.57400000000003,76.49500000000002,75.51800000000001,76.21000000000001,13621.118421052632
2026-06-25T16:00:00+00:00,76.21000000000001,76.41100000000002,76.18400000000001,76.39000000000001,6324
2026-06-25T17:00:00+00:00,76.39000000000001,76.67500000000001,76.11900000000001,76.60900000000001,6234
2026-06-25T18:00:00+00:00,76.60900000000001,77.08600000000001,76.561,77.06600000000002,8640
2026-06-25T19:00:00+00:00,77.06600000000002,77.42100000000002,76.78500000000001,76.96400000000001,4697
2026-06-25T20:00:00+00:00,76.96400000000001,77.11000000000001,76.18400000000001,76.27100000000002,3024
2026-06-26T00:00:00+00:00,76.27100000000002,76.69900000000001,74.834,75.074,2116.870041039672
2026-06-26T01:00:00+00:00,75.074,75.115,74.454,74.466,5921
2026-06-26T02:00:00+00:00,74.466,74.506,73.999,74.029,3868
2026-06-26T03:00:00+00:00,74.029,74.051,73.744,73.865,2364
2026-06-26T04:00:00+00:00,73.865,73.939,73.691,73.715,1661
2026-06-26T05:00:00+00:00,73.715,74.35,73.674,74.255,4038
2026-06-26T06:00:00+00:00,74.255,74.291,73.629,73.811,4999
2026-06-26T07:00:00+00:00,73.811,73.851,73.06,73.106,5698
2026-06-26T08:00:00+00:00,73.106,73.441,72.11,72.51,12920
2026-06-26T09:00:00+00:00,72.51,72.706,72.261,72.315,5920
2026-06-26T10:00:00+00:00,72.315,72.741,72.205,72.681,5406
2026-06-26T11:00:00+00:00,72.681,73.29,72.659,73.04,5765
2026-06-26T12:00:00+00:00,73.04,73.076,72.286,72.309,6841
2026-06-26T13:00:00+00:00,72.309,73.541,72.144,72.376,17559
2026-06-26T14:00:00+00:00,72.376,72.491,71.784,72.179,11203
2026-06-26T15:00:00+00:00,72.179,72.389,71.359,71.876,14173.374279301086
2026-06-26T16:00:00+00:00,71.876,72.071,71.706,72.065,7498
2026-06-26T17:00:00+00:00,72.065,72.191,71.794,71.975,4943
2026-06-26T18:00:00+00:00,71.975,72.07000000000001,71.704,71.755,5821
2026-06-26T19:00:00+00:00,71.755,72.221,71.65,72.136,2669
2026-06-26T20:00:00+00:00,72.136,72.936,72.024,72.566,5341
2026-06-29T00:00:00+00:00,72.566,72.59100000000001,71.72000000000001,72.30900000000001,3303.8484365028717
2026-06-29T01:00:00+00:00,72.30900000000001,72.69900000000001,72.17800000000001,72.34800000000001,6918
2026-06-29T02:00:00+00:00,72.34800000000001,72.51,72.11800000000001,72.34800000000001,3424
2026-06-29T03:00:00+00:00,72.34800000000001,72.48,72.25800000000001,72.4,2029
2026-06-29T04:00:00+00:00,72.4,72.465,72.28800000000001,72.28800000000001,1432
2026-06-29T05:00:00+00:00,72.28800000000001,72.319,71.748,71.784,4310
2026-06-29T06:00:00+00:00,71.784,72.59400000000001,71.768,72.263,4746
2026-06-29T07:00:00+00:00,72.263,72.38000000000001,71.828,71.88300000000001,4619
2026-06-29T08:00:00+00:00,71.88300000000001,72.685,71.86000000000001,72.528,7559
2026-06-29T09:00:00+00:00,72.528,73.135,72.313,73.033,5215
2026-06-29T10:00:00+00:00,73.033,73.054,72.29400000000001,72.35400000000001,4410
2026-06-29T11:00:00+00:00,72.35400000000001,72.53,72.078,72.45,5127
2026-06-29T12:00:00+00:00,72.45,72.70500000000001,72.18900000000001,72.47900000000001,6053
2026-06-29T13:00:00+00:00,72.47900000000001,72.78500000000001,72.30900000000001,72.578,10193
2026-06-29T14:00:00+00:00,72.578,73.03,72.47900000000001,72.914,9024
2026-06-29T15:00:00+00:00,72.914,73.06500000000001,72.62800000000001,72.983,6825
2026-06-29T16:00:00+00:00,72.983,73.39800000000001,72.933,73.114,3835
2026-06-29T17:00:00+00:00,73.114,73.349,72.968,73.075,4841
2026-06-29T18:00:00+00:00,73.075,73.23,72.673,72.71000000000001,5454
2026-06-29T19:00:00+00:00,72.71000000000001,72.87800000000001,72.64800000000001,72.858,1607
2026-06-29T20:00:00+00:00,72.858,72.885,72.658,72.718,1273
2026-06-30T00:00:00+00:00,72.718,73.54500000000002,72.683,73.42000000000002,1298.3725834797892
2026-06-30T01:00:00+00:00,73.42000000000002,73.57400000000001,73.22800000000001,73.47900000000001,4648
2026-06-30T02:00:00+00:00,73.47900000000001,73.95000000000002,73.42800000000001,73.775,3583
2026-06-30T03:00:00+00:00,73.775,73.82000000000001,73.45800000000001,73.513,2178
2026-06-30T04:00:00+00:00,73.513,73.62400000000001,73.39300000000001,73.48,1064
2026-06-30T05:00:00+00:00,73.48,73.58,73.194,73.33,3930
2026-06-30T06:00:00+00:00,73.33,73.456,73.039,73.376,4483
2026-06-30T07:00:00+00:00,73.376,73.606,73.329,73.444,4454
2026-06-30T08:00:00+00:00,73.444,74.05,73.325,73.686,9285
2026-06-30T09:00:00+00:00,73.686,74.216,73.639,74.215,6865
2026-06-30T10:00:00+00:00,74.215,74.345,73.754,73.911,4833
2026-06-30T11:00:00+00:00,73.911,74.436,73.749,74.396,6585
2026-06-30T12:00:00+00:00,74.396,74.796,74.114,74.191,7320
2026-06-30T13:00:00+00:00,74.191,74.811,73.994,74.229,14389
2026-06-30T14:00:00+00:00,74.229,74.301,73.819,73.924,10873
2026-06-30T15:00:00+00:00,73.924,73.931,73.294,73.34,10587
2026-06-30T16:00:00+00:00,73.34,73.696,73.299,73.321,4978
2026-06-30T17:00:00+00:00,73.321,73.376,73.014,73.124,4895
2026-06-30T18:00:00+00:00,73.124,73.385,72.634,73.316,7436
2026-06-30T19:00:00+00:00,73.316,73.446,73.211,73.395,2456
2026-06-30T20:00:00+00:00,73.395,73.475,73.314,73.344,2344
2026-07-01T00:00:00+00:00,73.344,73.471,73.294,73.46100000000001,1348.5792898308237
2026-07-01T01:00:00+00:00,73.46100000000001,73.486,73.01400000000001,73.12400000000001,4251
2026-07-01T02:00:00+00:00,73.12400000000001,73.25000000000001,73.01400000000001,73.179,2235
2026-07-01T03:00:00+00:00,73.179,73.29100000000001,73.135,73.236,1638
2026-07-01T04:00:00+00:00,73.236,73.279,73.109,73.159,779
2026-07-01T05:00:00+00:00,73.159,73.286,72.999,73.019,2065
2026-07-01T06:00:00+00:00,73.019,73.125,72.894,73.059,3678
2026-07-01T07:00:00+00:00,73.059,73.206,72.729,72.894,4069
2026-07-01T08:00:00+00:00,72.894,72.976,71.694,71.739,8117
2026-07-01T09:00:00+00:00,71.739,72.196,71.599,72.165,5913
2026-07-01T10:00:00+00:00,72.165,72.386,72.034,72.226,4720
2026-07-01T11:00:00+00:00,72.226,72.381,72.114,72.261,4332
2026-07-01T12:00:00+00:00,72.261,72.284,71.704,71.814,6077
2026-07-01T13:00:00+00:00,71.814,72.275,71.745,72.116,11035
2026-07-01T14:00:00+00:00,72.116,72.166,71.234,71.25,11781
2026-07-01T15:00:00+00:00,71.25,71.641,71.109,71.191,11366
2026-07-01T16:00:00+00:00,71.191,71.436,71.044,71.289,5355
2026-07-01T17:00:00+00:00,71.289,71.376,71.144,71.359,3981
2026-07-01T18:00:00+00:00,71.359,71.7,71.251,71.365,6082
2026-07-01T19:00:00+00:00,71.365,71.386,71.004,71.109,3008
2026-07-01T20:00:00+00:00,71.109,71.22200000000001,71.061,71.15100000000001,1775.899862195682
2026-07-02T00:00:00+00:00,71.15100000000001,71.16100000000002,70.81100000000002,70.98200000000001,1834.1869409660108
2026-07-02T01:00:00+00:00,70.98200000000001,71.03500000000001,70.64500000000001,70.86100000000002,4766
2026-07-02T02:00:00+00:00,70.86100000000002,71.07000000000001,70.70000000000002,70.74700000000001,2745
2026-07-02T03:00:00+00:00,70.74700000000001,70.81700000000002,70.61000000000001,70.72700000000002,2053
2026-07-02T04:00:00+00:00,70.72700000000002,70.90000000000002,70.72000000000001,70.88100000000001,873
2026-07-02T05:00:00+00:00,70.88100000000001,70.91700000000002,70.64000000000001,70.85500000000002,2770
2026-07-02T06:00:00+00:00,70.85500000000002,71.00700000000002,70.52000000000001,70.57100000000001,5221
2026-07-02T07:00:00+00:00,70.57100000000001,71.15100000000001,70.36200000000001,70.82200000000002,6907
2026-07-02T08:00:00+00:00,70.82200000000002,71.18200000000002,70.73000000000002,70.83100000000002,9185
2026-07-02T09:00:00+00:00,70.83100000000002,70.84700000000001,70.36000000000001,70.47000000000001,5384
2026-07-02T10:00:00+00:00,70.47000000000001,70.72200000000001,70.43000000000002,70.50200000000001,4066
2026-07-02T11:00:00+00:00,70.50200000000001,70.69200000000002,70.12000000000002,70.28000000000002,5324
2026-07-02T12:00:00+00:00,70.28000000000002,70.67700000000002,70.15200000000002,70.57600000000001,7955
2026-07-02T13:00:00+00:00,70.57600000000001,71.13200000000002,70.47000000000001,70.86700000000002,12760
2026-07-02T14:00:00+00:00,70.86700000000002,70.94000000000001,70.64000000000001,70.83000000000001,10996
2026-07-02T15:00:00+00:00,70.83000000000001,70.90200000000002,70.40000000000002,70.73000000000002,10174
2026-07-02T16:00:00+00:00,70.73000000000002,71.31700000000002,70.68000000000002,71.16200000000002,7336
2026-07-02T17:00:00+00:00,71.16200000000002,71.54100000000001,71.11000000000001,71.49700000000001,5924
2026-07-02T18:00:00+00:00,71.49700000000001,71.89700000000002,71.39000000000001,71.52200000000002,7038
2026-07-02T19:00:00+00:00,71.52200000000002,71.64200000000001,71.49000000000001,71.58600000000001,1945
2026-07-02T20:00:00+00:00,71.58600000000001,71.60200000000002,71.53000000000002,71.57200000000002,1209
2026-07-03T00:00:00+00:00,71.57200000000002,71.62100000000001,71.44000000000001,71.52500000000002,1071.8079058405508
2026-07-03T01:00:00+00:00,71.52500000000002,72.06600000000002,71.42000000000002,72.04500000000002,5021
2026-07-03T02:00:00+00:00,72.04500000000002,72.28700000000002,72.00000000000001,72.05500000000002,3071
2026-07-03T03:00:00+00:00,72.05500000000002,72.34700000000001,72.04500000000002,72.22700000000002,2187
2026-07-03T04:00:00+00:00,72.22700000000002,72.28700000000002,72.16000000000001,72.17000000000002,816
2026-07-03T05:00:00+00:00,72.17000000000002,72.44100000000002,72.16500000000002,72.38200000000002,2379
2026-07-03T06:00:00+00:00,72.38200000000002,72.46200000000002,72.09500000000001,72.14700000000002,3850
2026-07-03T07:00:00+00:00,72.14700000000002,72.21200000000002,71.62200000000001,71.72700000000002,4361
2026-07-03T08:00:00+00:00,71.72700000000002,72.05700000000002,71.32000000000001,72.04200000000002,8737
2026-07-03T09:00:00+00:00,72.04200000000002,72.11200000000001,71.72600000000001,71.91000000000001,4974
2026-07-03T10:00:00+00:00,71.91000000000001,71.97700000000002,71.69500000000001,71.88200000000002,3481
2026-07-03T11:00:00+00:00,71.88200000000002,71.99200000000002,71.59200000000001,71.66000000000001,3396
2026-07-03T12:00:00+00:00,71.66000000000001,71.67200000000001,71.28500000000001,71.471,3579.739393939394
2026-07-03T13:00:00+00:00,71.471,72.057,71.43,72.045,7090
2026-07-03T14:00:00+00:00,72.045,72.247,71.816,71.902,6130
2026-07-03T15:00:00+00:00,71.902,72.06700000000001,71.605,72.05600000000001,6713
2026-07-03T16:00:00+00:00,72.05600000000001,72.137,71.88000000000001,72.092,3599
2026-07-03T17:00:00+00:00,72.092,72.125,71.881,71.92500000000001,2281
2026-07-06T00:00:00+00:00,72.11300000000001,72.11800000000001,71.703,71.714,1861.2470733210105
2026-07-06T01:00:00+00:00,71.714,72.31,71.614,72.269,5654
2026-07-06T02:00:00+00:00,72.269,72.55,71.923,71.984,3570
2026-07-06T03:00:00+00:00,71.984,72.02,71.773,71.85000000000001,2230
2026-07-06T04:00:00+00:00,71.85000000000001,72.055,71.82300000000001,71.994,1176
2026-07-06T05:00:00+00:00,71.994,72.23,71.985,72.19800000000001,2089
2026-07-06T06:00:00+00:00,72.19800000000001,72.58,72.128,72.203,3995
2026-07-06T07:00:00+00:00,72.203,72.203,71.158,71.274,6063
2026-07-06T08:00:00+00:00,71.274,72.06,71.233,71.663,8167
2026-07-06T09:00:00+00:00,71.663,72.058,71.619,71.804,4264
2026-07-06T10:00:00+00:00,71.804,72.18,71.608,72.128,4472
2026-07-06T11:00:00+00:00,72.128,72.253,71.848,72.184,4047
2026-07-06T12:00:00+00:00,72.184,72.27,71.733,71.93,6008
2026-07-06T13:00:00+00:00,71.93,72.495,71.69800000000001,72.264,10587
2026-07-06T14:00:00+00:00,72.264,72.74,72.068,72.359,10565
2026-07-06T15:00:00+00:00,72.359,72.525,72.129,72.289,9126
2026-07-06T16:00:00+00:00,72.289,72.359,71.863,71.91,5425
2026-07-06T17:00:00+00:00,71.91,72.145,71.798,72.07900000000001,4726
2026-07-06T18:00:00+00:00,72.07900000000001,72.18900000000001,71.938,72.108,4905
2026-07-06T19:00:00+00:00,72.108,72.32000000000001,72.103,72.209,1621
2026-07-06T20:00:00+00:00,72.209,72.275,72.123,72.135,806
2026-07-07T00:00:00+00:00,72.135,72.49999999999999,72.135,72.469,1416.2886456908345
2026-07-07T01:00:00+00:00,72.469,72.66899999999998,72.19299999999998,72.64999999999999,3128
2026-07-07T02:00:00+00:00,72.64999999999999,72.89999999999999,72.57799999999999,72.61999999999999,2450
2026-07-07T03:00:00+00:00,72.61999999999999,72.85,72.50799999999998,72.60799999999999,2073
2026-07-07T04:00:00+00:00,72.60799999999999,72.68499999999999,72.441,72.459,856
2026-07-07T05:00:00+00:00,72.459,72.881,72.435,72.81,2739
2026-07-07T06:00:00+00:00,72.81,72.966,72.665,72.954,4088
2026-07-07T07:00:00+00:00,72.954,73.116,72.784,72.819,5879
2026-07-07T08:00:00+00:00,72.819,73.076,72.476,72.85,8494
2026-07-07T09:00:00+00:00,72.85,73.276,72.644,72.84,6198
2026-07-07T10:00:00+00:00,72.84,72.961,72.604,72.944,4312
2026-07-07T11:00:00+00:00,72.944,73.016,72.484,72.555,4862
2026-07-07T12:00:00+00:00,72.555,72.785,72.384,72.561,5957
2026-07-07T13:00:00+00:00,72.561,73.566,72.554,73.536,15011
2026-07-07T14:00:00+00:00,73.536,74.126,73.419,73.744,14758
2026-07-07T15:00:00+00:00,73.744,74.106,73.594,73.921,9551
2026-07-07T16:00:00+00:00,73.921,74.294,73.884,74.085,4989
2026-07-07T17:00:00+00:00,74.085,74.349,74.004,74.091,4918
2026-07-07T18:00:00+00:00,74.091,75.036,73.945,75.035,8974
2026-07-07T19:00:00+00:00,75.035,76.336,75.005,75.624,14826
2026-07-07T20:00:00+00:00,75.624,75.966,75.576,75.859,3491
2026-07-08T00:00:00+00:00,75.859,76.365,75.658,75.678,3133.3895252251464
2026-07-08T01:00:00+00:00,75.678,75.82799999999999,75.393,75.79899999999999,6993
2026-07-08T02:00:00+00:00,75.79899999999999,76.22,75.663,75.975,4011
2026-07-08T03:00:00+00:00,75.975,76.125,75.948,76.044,2328
2026-07-08T04:00:00+00:00,76.044,76.195,75.99799999999999,76.12299999999999,1539
2026-07-08T05:00:00+00:00,76.12299999999999,76.69999999999999,76.10799999999999,76.56299999999999,6207
2026-07-08T06:00:00+00:00,76.56299999999999,76.69999999999999,76.35799999999999,76.384,8212
2026-07-08T07:00:00+00:00,76.384,76.67999999999999,75.658,75.91,8802
2026-07-08T08:00:00+00:00,75.91,78.744,75.789,78.64399999999999,29486
2026-07-08T09:00:00+00:00,78.64399999999999,79.19999999999999,78.41,78.725,15997
2026-07-08T10:00:00+00:00,78.725,78.768,77.728,78.134,11736
2026-07-08T11:00:00+00:00,78.134,78.58399999999999,77.49799999999999,78.089,12691
2026-07-08T12:00:00+00:00,78.089,78.34899999999999,77.128,77.853,15734
2026-07-08T13:00:00+00:00,77.853,78.41,77.478,77.934,23052
2026-07-08T14:00:00+00:00,77.934,79.88,77.91799999999999,79.57,27879
2026-07-08T15:00:00+00:00,79.57,80.53999999999999,79.49799999999999,80.23299999999999,25563
2026-07-08T16:00:00+00:00,80.23299999999999,80.374,78.708,78.87899999999999,23083
2026-07-08T17:00:00+00:00,78.87899999999999,78.904,78.083,78.28399999999999,14571
2026-07-08T18:00:00+00:00,78.28399999999999,78.315,77.833,78.05,13814
2026-07-08T19:00:00+00:00,78.05,78.75399999999999,77.92299999999999,78.568,6663
2026-07-08T20:00:00+00:00,78.568,79.43599999999999,78.56299999999999,79.26899999999999,9144.641947148819
2026-07-09T00:00:00+00:00,79.26899999999999,79.26899999999999,78.484,78.506,2467.627877237852
2026-07-09T01:00:00+00:00,78.506,79.131,78.31099999999999,78.586,6505
2026-07-09T02:00:00+00:00,78.586,79.14399999999999,78.43499999999999,78.991,4512
2026-07-09T03:00:00+00:00,78.991,79.076,78.651,78.774,3014
2026-07-09T04:00:00+00:00,78.774,78.92099999999999,78.75399999999999,78.856,1448
2026-07-09T05:00:00+00:00,78.856,78.99499999999999,77.46499999999999,77.571,10236
2026-07-09T06:00:00+00:00,77.571,78.03,77.52,77.73899999999999,8592
2026-07-09T07:00:00+00:00,77.73899999999999,78.08399999999999,76.84899999999999,77.065,11088
2026-07-09T08:00:00+00:00,77.065,77.42099999999999,76.71,77.399,12212
2026-07-09T09:00:00+00:00,77.399,78.08099999999999,77.339,78.03,8014
2026-07-09T10:00:00+00:00,78.03,79.19099999999999,77.92999999999999,78.814,9429
2026-07-09T11:00:00+00:00,78.814,78.856,78.42899999999999,78.544,9039
2026-07-09T12:00:00+00:00,78.544,78.69999999999999,78.199,78.59599999999999,8993
2026-07-09T13:00:00+00:00,78.59599999999999,78.65599999999999,77.33399999999999,77.36,18709
2026-07-09T14:00:00+00:00,77.36,77.615,76.78999999999999,76.88,16714
2026-07-09T15:00:00+00:00,76.88,77.03999999999999,76.229,76.53399999999999,14832
2026-07-09T16:00:00+00:00,76.53399999999999,76.66499999999999,75.80099999999999,76.091,10243
2026-07-09T17:00:00+00:00,76.091,76.241,75.52,75.61999999999999,8201
2026-07-09T18:00:00+00:00,75.61999999999999,76.41999999999999,75.51899999999999,75.78,11639
2026-07-09T19:00:00+00:00,75.78,76.07499999999999,75.62899999999999,76.05099999999999,3554
2026-07-09T20:00:00+00:00,76.05099999999999,76.089,75.814,76.03,3293
2026-07-10T00:00:00+00:00,76.03,76.136,75.91399999999999,76.095,1843.0486409155938
2026-07-10T01:00:00+00:00,76.095,76.34599999999999,75.854,76.294,5178
2026-07-10T02:00:00+00:00,76.294,76.56099999999999,76.22399999999999,76.496,2790
2026-07-10T03:00:00+00:00,76.496,76.59599999999999,76.309,76.595,2030
2026-07-10T04:00:00+00:00,76.595,76.786,76.39,76.47399999999999,2145
2026-07-10T05:00:00+00:00,76.47399999999999,76.59599999999999,76.169,76.374,3884
2026-07-10T06:00:00+00:00,76.374,76.40899999999999,75.90899999999999,76.154,6548
2026-07-10T07:00:00+00:00,76.154,76.19099999999999,75.399,75.72,8907
2026-07-10T08:00:00+00:00,75.72,76.341,75.29899999999999,76.116,14419
2026-07-10T09:00:00+00:00,76.116,76.28899999999999,75.684,76.041,8704
2026-07-10T10:00:00+00:00,76.041,76.511,75.984,76.46499999999999,5446
2026-07-10T11:00:00+00:00,76.46499999999999,77.07499999999999,76.39399999999999,76.955,8613
2026-07-10T12:00:00+00:00,76.955,77.08399999999999,75.719,76.30499999999999,15249
2026-07-10T13:00:00+00:00,76.30499999999999,76.65599999999999,75.86099999999999,75.934,14099
2026-07-10T14:00:00+00:00,75.934,77.461,75.83399999999999,76.34899999999999,24869
2026-07-10T15:00:00+00:00,76.34899999999999,76.351,75.24399999999999,75.46899999999998,17997.339300969434
2026-07-10T16:00:00+00:00,75.46899999999998,75.89899999999999,75.43799999999999,75.52999999999999,9419
2026-07-10T17:00:00+00:00,75.52999999999999,75.85999999999999,75.50299999999999,75.81399999999998,7760
2026-07-10T18:00:00+00:00,75.81399999999998,76.09499999999998,75.64799999999998,76.05899999999998,9424
2026-07-10T19:00:00+00:00,76.05899999999998,76.12499999999999,75.85299999999998,75.98499999999999,2667
2026-07-10T20:00:00+00:00,75.98499999999999,76.03299999999999,75.90399999999998,75.92799999999998,1717
2026-07-13T00:00:00+00:00,75.92799999999998,79.03399999999999,75.86299999999999,78.823,3266.9598393574297
2026-07-13T01:00:00+00:00,78.823,79.30499999999999,78.76299999999999,79.01399999999998,8015
2026-07-13T02:00:00+00:00,79.01399999999998,79.26399999999998,78.749,78.90999999999998,5954
2026-07-13T03:00:00+00:00,78.90999999999998,79.09499999999998,78.823,78.993,2749
2026-07-13T04:00:00+00:00,78.993,79.256,78.97299999999998,79.239,1478
2026-07-13T05:00:00+00:00,79.239,79.766,79.214,79.4,5538
2026-07-13T06:00:00+00:00,79.4,79.425,78.606,78.77,6230
2026-07-13T07:00:00+00:00,78.77,78.991,78.424,78.769,5734
2026-07-13T08:00:00+00:00,78.769,78.815,77.519,77.839,11274
2026-07-13T09:00:00+00:00,77.839,77.951,77.244,77.759,6850
2026-07-13T10:00:00+00:00,77.759,78.556,77.755,78.459,7064
2026-07-13T11:00:00+00:00,78.459,78.735,78.224,78.539,6876
2026-07-13T12:00:00+00:00,78.539,79.296,78.309,78.62,8756
2026-07-13T13:00:00+00:00,78.62,78.871,78.224,78.5,12053
2026-07-13T14:00:00+00:00,78.5,80.001,78.265,79.255,22184
2026-07-13T15:00:00+00:00,79.255,79.745,79.129,79.694,12961
2026-07-13T16:00:00+00:00,79.694,80.736,79.575,80.536,11303
2026-07-13T17:00:00+00:00,80.536,82.581,80.279,82.539,14344
2026-07-13T18:00:00+00:00,82.539,83.506,82.379,82.729,21754
2026-07-13T19:00:00+00:00,82.729,83.141,82.569,82.92,6572
2026-07-13T20:00:00+00:00,82.92,83.831,82.899,83.18,8600
2026-07-14T00:00:00+00:00,83.18,85.64699999999999,83.18,85.00699999999999,13680.160012852437
2026-07-14T01:00:00+00:00,85.00699999999999,85.077,83.91999999999999,84.35,18356
2026-07-14T02:00:00+00:00,84.35,84.52699999999999,83.71499999999999,84.431,9615
2026-07-14T03:00:00+00:00,84.431,85.01199999999999,84.37499999999999,84.66199999999999,7816
2026-07-14T04:00:00+00:00,84.66199999999999,85.00099999999999,84.49099999999999,84.85099999999998,3523
2026-07-14T05:00:00+00:00,84.85099999999998,84.97699999999999,83.95599999999999,84.46699999999998,9522
2026-07-14T06:00:00+00:00,84.46699999999998,85.681,84.43499999999999,85.565,12235
2026-07-14T07:00:00+00:00,85.565,86.46499999999999,85.142,85.88,16119
2026-07-14T08:00:00+00:00,85.88,87.222,85.75999999999999,87.201,20734
2026-07-14T09:00:00+00:00,87.201,87.371,86.201,86.71499999999999,14261
2026-07-14T10:00:00+00:00,86.71499999999999,87.547,86.526,87.21199999999999,11364
2026-07-14T11:00:00+00:00,87.21199999999999,87.327,85.78999999999999,86.02499999999999,13198
2026-07-14T12:00:00+00:00,86.02499999999999,87.27199999999999,85.96199999999999,86.90499999999999,14588
2026-07-14T13:00:00+00:00,86.90499999999999,87.17699999999999,85.21499999999999,85.64599999999999,26019
2026-07-14T14:00:00+00:00,85.64599999999999,85.67699999999999,83.452,84.52999999999999,23789
2026-07-14T15:00:00+00:00,84.52999999999999,85.55699999999999,83.39599999999999,85.28599999999999,28353
2026-07-14T16:00:00+00:00,85.28599999999999,85.48499999999999,84.60699999999999,84.785,12419
2026-07-14T17:00:00+00:00,84.785,84.88199999999999,84.09499999999998,84.335,11109
2026-07-14T18:00:00+00:00,84.335,85.21199999999999,84.175,85.16499999999999,11298
2026-07-14T19:00:00+00:00,85.16499999999999,85.46199999999999,85.062,85.23199999999999,5235
2026-07-14T20:00:00+00:00,85.23199999999999,85.85699999999999,85.21999999999998,85.34199999999998,3476
2026-07-15T00:00:00+00:00,85.34199999999998,86.371,85.145,85.961,4038.4177545691905
2026-07-15T01:00:00+00:00,85.961,85.961,85.381,85.857,9281
2026-07-15T02:00:00+00:00,85.857,86.195,85.655,86.005,4013
2026-07-15T03:00:00+00:00,86.005,86.03099999999999,85.61,85.697,3367
2026-07-15T04:00:00+00:00,85.697,85.817,85.32,85.482,2963
2026-07-15T05:00:00+00:00,85.482,85.676,85.115,85.36099999999999,8076
2026-07-15T06:00:00+00:00,85.36099999999999,85.702,85.11999999999999,85.64999999999999,8413
2026-07-15T07:00:00+00:00,85.64999999999999,86.262,85.64999999999999,86.155,10989
2026-07-15T08:00:00+00:00,86.155,86.55499999999999,84.64999999999999,84.697,19798
2026-07-15T09:00:00+00:00,84.697,85.541,84.53999999999999,85.471,10364
2026-07-15T10:00:00+00:00,85.471,85.837,85.315,85.39699999999999,7958
2026-07-15T11:00:00+00:00,85.39699999999999,85.576,84.761,84.967,8871
2026-07-15T12:00:00+00:00,84.967,85.312,84.846,84.97999999999999,9896
2026-07-15T13:00:00+00:00,84.97999999999999,85.547,84.41499999999999,84.846,18883
2026-07-15T14:00:00+00:00,84.846,84.937,83.457,83.572,22007
2026-07-15T15:00:00+00:00,83.572,84.227,83.337,84.222,21520
2026-07-15T16:00:00+00:00,84.222,85.004,84.052,84.822,12242.90324158167
2026-07-15T17:00:00+00:00,84.822,84.83800000000001,84.122,84.407,11954
2026-07-15T18:00:00+00:00,84.407,85.229,84.322,85.118,10480
2026-07-15T19:00:00+00:00,85.118,86.09400000000001,84.917,85.839,8861
2026-07-15T20:00:00+00:00,85.839,86.004,85.607,85.664,4603
2026-07-16T00:00:00+00:00,85.664,85.664,85.148,85.397,1979.340545856897
2026-07-16T01:00:00+00:00,85.397,85.572,85.148,85.254,5435
2026-07-16T02:00:00+00:00,85.254,85.46300000000001,85.182,85.253,3208
2026-07-16T03:00:00+00:00,85.253,85.293,84.429,84.747,3278
2026-07-16T04:00:00+00:00,84.747,84.82900000000001,84.45400000000001,84.572,1862
2026-07-16T05:00:00+00:00,84.572,84.688,84.337,84.557,4633
2026-07-16T06:00:00+00:00,84.557,84.919,84.408,84.543,6942
2026-07-16T07:00:00+00:00,84.543,84.889,84.327,84.56700000000001,7662
2026-07-16T08:00:00+00:00,84.56700000000001,84.754,84.247,84.349,10377
2026-07-16T09:00:00+00:00,84.349,84.764,83.843,84.679,8324
2026-07-16T10:00:00+00:00,84.679,84.84400000000001,84.548,84.779,4554
2026-07-16T11:00:00+00:00,84.779,85.529,84.44200000000001,84.779,8509
2026-07-16T12:00:00+00:00,84.779,86.114,84.727,85.897,12274
2026-07-16T13:00:00+00:00,85.897,86.264,85.289,85.492,14273
2026-07-16T14:00:00+00:00,85.492,85.714,84.744,84.884,13012
2026-07-16T15:00:00+00:00,84.884,85.184,84.507,84.717,13293
2026-07-16T16:00:00+00:00,84.717,85.738,84.253,84.459,13519
2026-07-16T17:00:00+00:00,84.459,84.659,84.112,84.188,8679
2026-07-16T18:00:00+00:00,84.188,84.433,83.974,84.31400000000001,8066
2026-07-16T19:00:00+00:00,84.31400000000001,84.444,84.237,84.334,2836
2026-07-16T20:00:00+00:00,84.334,85.038,84.137,84.928,4005
2026-07-17T00:00:00+00:00,84.928,85.049,84.693,85.023,2090.7677659080355
2026-07-17T01:00:00+00:00,85.023,85.482,84.917,85.06400000000001,5151
2026-07-17T02:00:00+00:00,85.06400000000001,85.148,84.642,84.879,3859
2026-07-17T03:00:00+00:00,84.879,85.042,84.743,85.037,2382
2026-07-17T04:00:00+00:00,85.037,85.139,84.967,85.044,1428
2026-07-17T05:00:00+00:00,85.044,85.069,83.947,84.279,10411
2026-07-17T06:00:00+00:00,84.279,84.624,83.702,84.319,11681
2026-07-17T07:00:00+00:00,84.319,84.858,84.319,84.413,7895
2026-07-17T08:00:00+00:00,84.413,85.058,84.157,85.024,12483
2026-07-17T09:00:00+00:00,85.024,85.857,85.004,85.648,8896
2026-07-17T10:00:00+00:00,85.648,85.964,85.447,85.769,5521
2026-07-17T11:00:00+00:00,85.769,86.088,85.712,86.002,5609
2026-07-17T12:00:00+00:00,86.002,86.402,85.928,86.307,6432
2026-07-17T13:00:00+00:00,86.307,86.984,86.252,86.95400000000001,13100
2026-07-17T14:00:00+00:00,86.95400000000001,87.099,86.263,86.277,11457
2026-07-17T15:00:00+00:00,86.277,86.818,85.892,86.684,13921
2026-07-17T16:00:00+00:00,86.684,87.723,86.624,87.634,10531
2026-07-17T17:00:00+00:00,87.634,88.094,87.429,87.982,8313
2026-07-17T18:00:00+00:00,87.982,88.309,87.638,87.713,10733
2026-07-17T19:00:00+00:00,87.713,87.853,87.379,87.793,5512
2026-07-17T20:00:00+00:00,87.793,88.217,87.663,88.207,2713
2026-07-20T00:00:00+00:00,88.207,88.268,87.81099999999999,87.85799999999999,3750.4669519032163
2026-07-20T01:00:00+00:00,87.85799999999999,88.01299999999999,87.56099999999999,87.822,9696
2026-07-20T02:00:00+00:00,87.822,88.053,87.426,87.467,5797
2026-07-20T03:00:00+00:00,87.467,87.783,87.43599999999999,87.773,2615
2026-07-20T04:00:00+00:00,87.773,87.938,87.68299999999999,87.752,1461
2026-07-20T05:00:00+00:00,87.752,88.173,87.666,88.128,3780
2026-07-20T06:00:00+00:00,88.128,88.55199999999999,88.056,88.27199999999999,7152
2026-07-20T07:00:00+00:00,88.27199999999999,88.563,86.182,86.408,13412
2026-07-20T08:00:00+00:00,86.408,86.408,85.426,85.771,15304
2026-07-20T09:00:00+00:00,85.771,86.01599999999999,85.103,85.461,8685
2026-07-20T10:00:00+00:00,85.461,86.113,85.407,85.806,5973
2026-07-20T11:00:00+00:00,85.806,86.01299999999999,83.631,84.443,16721
2026-07-20T12:00:00+00:00,84.443,86.291,84.41199999999999,86.03099999999999,17517
2026-07-20T13:00:00+00:00,86.03099999999999,86.133,85.067,85.636,16201
2026-07-20T14:00:00+00:00,85.636,86.062,85.211,85.902,11766
2026-07-20T15:00:00+00:00,85.902,85.997,84.952,85.652,13793
2026-07-20T16:00:00+00:00,85.652,86.622,85.213,86.11099999999999,9544
2026-07-20T17:00:00+00:00,86.11099999999999,86.691,85.872,86.52199999999999,9039
2026-07-20T18:00:00+00:00,86.52199999999999,87.246,86.241,86.92099999999999,9778
2026-07-20T19:00:00+00:00,86.92099999999999,86.997,86.196,86.417,5810
2026-07-20T20:00:00+00:00,86.417,86.518,86.347,86.453,2214
2026-07-21T00:00:00+00:00,86.453,86.488,86.28099999999999,86.42699999999999,1928.2609489051094
2026-07-21T01:00:00+00:00,86.42699999999999,86.463,85.788,86.24199999999999,6686
2026-07-21T02:00:00+00:00,86.24199999999999,86.383,85.976,86.032,3367
2026-07-21T03:00:00+00:00,86.032,86.273,85.957,86.073,2723
2026-07-21T04:00:00+00:00,86.073,86.116,85.812,86.018,1618
2026-07-21T05:00:00+00:00,86.018,86.276,85.622,85.872,4888
2026-07-21T06:00:00+00:00,85.872,86.208,85.731,86.203,7686
2026-07-21T07:00:00+00:00,86.203,86.941,85.812,85.832,9692
2026-07-21T08:00:00+00:00,85.832,86.488,85.366,86.268,12725
2026-07-21T09:00:00+00:00,86.268,87.55199999999999,86.047,87.467,9440
2026-07-21T10:00:00+00:00,87.467,87.648,86.437,87.621,14102
2026-07-21T11:00:00+00:00,87.621,88.387,87.572,88.22699999999999,9066
2026-07-21T12:00:00+00:00,88.22699999999999,88.73299999999999,87.681,88.371,14823
2026-07-21T13:00:00+00:00,88.371,89.057,88.276,88.64699999999999,18230
2026-07-21T14:00:00+00:00,88.64699999999999,89.48299999999999,88.437,89.112,16025
2026-07-21T15:00:00+00:00,89.112,89.243,88.18299999999999,88.898,18060
2026-07-21T16:00:00+00:00,88.898,88.938,88.386,88.723,8858
2026-07-21T17:00:00+00:00,88.723,88.832,88.322,88.62299999999999,6118
2026-07-21T18:00:00+00:00,88.62299999999999,88.717,88.148,88.712,10183
2026-07-21T19:00:00+00:00,88.712,89.068,88.651,88.941,3519
2026-07-21T20:00:00+00:00,88.941,89.017,88.691,88.956,3221
2026-07-22T00:00:00+00:00,88.956,89.192,88.81599999999999,89.002,2330.0841549295774
2026-07-22T01:00:00+00:00,89.002,90.17299999999999,88.89599999999999,89.98599999999999,7680
2026-07-22T02:00:00+00:00,89.98599999999999,90.067,89.23299999999999,89.377,5357
2026-07-22T03:00:00+00:00,89.377,89.69699999999999,89.362,89.69099999999999,2272
2026-07-22T04:00:00+00:00,89.69099999999999,89.826,89.576,89.76199999999999,1734
2026-07-22T05:00:00+00:00,89.76199999999999,89.931,89.35199999999999,89.48599999999999,4358
2026-07-22T06:00:00+00:00,89.48599999999999,90.722,89.38199999999999,90.452,8929
2026-07-22T07:00:00+00:00,90.452,92.24099999999999,90.452,91.951,12301
2026-07-22T08:00:00+00:00,91.951,92.05799999999999,91.181,91.803,14982
2026-07-22T09:00:00+00:00,91.803,92.958,91.508,92.84299999999999,13551
2026-07-22T10:00:00+00:00,92.84299999999999,92.86299999999999,91.19099999999999,91.74199999999999,14243
2026-07-22T11:00:00+00:00,91.74199999999999,92.577,91.69699999999999,92.04599999999999,10070
2026-07-22T12:00:00+00:00,92.04599999999999,92.44699999999999,91.151,91.97299999999998,12081
2026-07-22T13:00:00+00:00,91.97299999999998,92.073,90.66199999999999,91.40199999999999,18602
2026-07-22T14:00:00+00:00,91.40199999999999,91.85799999999999,90.981,91.35799999999999,13541
2026-07-22T15:00:00+00:00,91.35799999999999,91.913,90.321,90.568,14546
2026-07-22T16:00:00+00:00,90.568,91.243,90.50299999999999,90.90299999999999,7442
2026-07-22T17:00:00+00:00,90.90299999999999,91.678,90.89599999999999,91.541,6575
2026-07-22T18:00:00+00:00,91.541,91.823,91.386,91.79199999999999,8373
2026-07-22T19:00:00+00:00,91.79199999999999,91.892,91.282,91.303,3250
2026-07-22T20:00:00+00:00,91.303,91.54299999999999,91.03099999999999,91.40199999999999,3757
2026-07-23T00:00:00+00:00,91.40199999999999,93.618,91.40199999999999,93.08699999999999,4566.71531570898
2026-07-23T01:00:00+00:00,93.08699999999999,93.949,92.88399999999999,93.30699999999999,9266
2026-07-23T02:00:00+00:00,93.30699999999999,93.839,93.27399999999999,93.553,4616
2026-07-23T03:00:00+00:00,93.553,94.00399999999999,93.487,93.698,3788
2026-07-23T04:00:00+00:00,93.698,93.794,93.22699999999999,93.479,2923
2026-07-23T05:00:00+00:00,93.479,93.90899999999999,92.99699999999999,93.827,6761
2026-07-23T06:00:00+00:00,93.827,94.40799999999999,93.38799999999999,94.28699999999999,9087
2026-07-23T07:00:00+00:00,94.28699999999999,95.948,94.24699999999999,95.08399999999999,15476
2026-07-23T08:00:00+00:00,95.08399999999999,95.76799999999999,94.73899999999999,95.318,18554
2026-07-23T09:00:00+00:00,95.318,96.30199999999999,94.96199999999999,95.832,14460
2026-07-23T10:00:00+00:00,95.832,96.40299999999999,95.51199999999999,95.743,11248
2026-07-23T11:00:00+00:00,95.743,96.58699999999999,95.68199999999999,96.208,11386
2026-07-23T12:00:00+00:00,96.208,97.494,96.038,97.13699999999999,16892
2026-07-23T13:00:00+00:00,97.13699999999999,98.40199999999999,96.82799999999999,98.13199999999999,21713
2026-07-23T14:00:00+00:00,98.13199999999999,98.51899999999999,97.39399999999999,98.02699999999999,18241
2026-07-23T15:00:00+00:00,98.02699999999999,98.71799999999999,97.607,97.657,21256
2026-07-23T16:00:00+00:00,97.657,98.37899999999999,97.377,98.21799999999999,12474
2026-07-23T17:00:00+00:00,98.21799999999999,99.39699999999999,98.21799999999999,99.35799999999999,11879
2026-07-23T18:00:00+00:00,99.35799999999999,99.523,97.957,98.097,16984
2026-07-23T19:00:00+00:00,98.097,98.097,96.993,97.42699999999999,9499
2026-07-23T20:00:00+00:00,97.42699999999999,98.22399999999999,97.22699999999999,98.06899999999999,6290
2026-07-24T00:00:00+00:00,98.06899999999999,98.70499999999998,97.838,97.84299999999999,4247.582727407627
2026-07-24T01:00:00+00:00,97.84299999999999,97.84299999999999,97.14299999999999,97.69299999999998,9876
2026-07-24T02:00:00+00:00,97.69299999999998,98.30499999999999,97.68299999999999,98.139,4752
2026-07-24T03:00:00+00:00,98.139,98.71,98.11399999999999,98.16499999999999,4900
2026-07-24T04:00:00+00:00,98.16499999999999,98.27899999999998,97.78799999999998,97.82799999999999,2839
2026-07-24T05:00:00+00:00,97.82799999999999,98.02399999999999,97.41299999999998,97.83399999999999,6388
2026-07-24T06:00:00+00:00,97.83399999999999,97.96,96.47999999999999,96.54399999999998,11679
2026-07-24T07:00:00+00:00,96.54399999999998,96.70499999999998,95.84799999999998,96.145,11713
2026-07-24T08:00:00+00:00,96.145,96.395,95.04299999999999,95.26499999999999,18753
2026-07-24T09:00:00+00:00,95.26499999999999,95.28299999999999,93.96,94.52299999999998,15770
2026-07-24T10:00:00+00:00,94.52299999999998,95.844,94.38499999999999,95.48799999999999,10669
2026-07-24T11:00:00+00:00,95.48799999999999,95.52499999999999,94.38999999999999,94.92999999999999,10763
2026-07-24T12:00:00+00:00,94.92999999999999,95.484,94.57799999999999,94.86399999999999,13523
2026-07-24T13:00:00+00:00,94.86399999999999,95.71,94.70299999999999,95.07999999999998,16748
2026-07-24T14:00:00+00:00,95.07999999999998,95.16999999999999,94.26299999999999,94.74399999999999,17151
2026-07-24T15:00:00+00:00,94.74399999999999,95.01499999999999,92.68299999999999,93.63399999999999,29312
2026-07-24T16:00:00+00:00,93.63399999999999,93.95299999999999,93.094,93.49399999999999,12343
2026-07-24T17:00:00+00:00,93.49399999999999,94.03299999999999,93.29899999999999,93.87499999999999,9375
2026-07-24T18:00:00+00:00,93.87499999999999,94.43999999999998,93.51499999999999,94.27799999999999,12487
2026-07-24T19:00:00+00:00,94.27799999999999,94.94899999999998,93.81899999999999,94.93799999999999,9416
2026-07-24T20:00:00+00:00,94.93799999999999,95.79899999999999,94.93799999999999,95.68999999999998,6296
2026-07-27T00:00:00+00:00,95.68999999999998,95.71299999999998,88.83099999999999,89.74099999999999,2937.904812408856
2026-07-27T01:00:00+00:00,89.74099999999999,90.46799999999999,89.53099999999999,90.30099999999999,4540
2026-07-27T02:00:00+00:00,90.30099999999999,90.87299999999999,90.20099999999998,90.71299999999998,2285
2026-07-27T03:00:00+00:00,90.71299999999998,90.72299999999998,90.14699999999999,90.29199999999999,1575
2026-07-27T04:00:00+00:00,90.29199999999999,90.29199999999999,89.36699999999999,89.78099999999999,2059
2026-07-27T05:00:00+00:00,89.78099999999999,89.90099999999998,89.13099999999999,89.35099999999998,3507
2026-07-27T06:00:00+00:00,89.35099999999998,89.43099999999998,87.48599999999999,87.55099999999999,6550
2026-07-27T07:00:00+00:00,87.55099999999999,88.78699999999999,87.34099999999998,88.78699999999999,6343
2026-07-27T08:00:00+00:00,88.78699999999999,89.16299999999998,86.48099999999998,86.55099999999999,9688
2026-07-27T09:00:00+00:00,86.55099999999999,86.89599999999999,85.13799999999999,85.36799999999998,6435
2026-07-27T10:00:00+00:00,85.36799999999998,86.82299999999998,85.36299999999999,86.78099999999999,5327
2026-07-27T11:00:00+00:00,86.78099999999999,87.51299999999999,86.68199999999999,87.12199999999999,5217
2026-07-27T12:00:00+00:00,87.12199999999999,88.48799999999999,87.07699999999998,88.20799999999998,7308
2026-07-27T13:00:00+00:00,88.20799999999998,88.80799999999998,87.81699999999998,88.31199999999998,8277
2026-07-27T14:00:00+00:00,88.31199999999998,88.32799999999999,87.46099999999998,87.56699999999998,5454
2026-07-27T15:00:00+00:00,87.56699999999998,87.77199999999999,86.89799999999998,87.34599999999999,12620
2026-07-27T16:00:00+00:00,87.34599999999999,87.84799999999998,86.19799999999998,86.74099999999999,15442
2026-07-27T17:00:00+00:00,86.74099999999999,86.85199999999999,86.20099999999998,86.24799999999999,9891
2026-07-27T18:00:00+00:00,86.24799999999999,86.27799999999999,85.51099999999998,85.53199999999998,12380
2026-07-27T19:00:00+00:00,85.53199999999998,85.79299999999999,85.28199999999998,85.31699999999998,4860
2026-07-27T20:00:00+00:00,85.31699999999998,85.47299999999998,85.02099999999999,85.28199999999998,5335
2026-07-28T00:00:00+00:00,85.28199999999998,85.65299999999999,84.97299999999998,85.53299999999999,3543.2030237580993
2026-07-28T01:00:00+00:00,85.53299999999999,85.663,84.90199999999999,85.07099999999998,6785
2026-07-28T02:00:00+00:00,85.07099999999998,85.222,84.091,84.201,5677
2026-07-28T03:00:00+00:00,84.201,84.80799999999999,83.981,84.79299999999999,3974
2026-07-28T04:00:00+00:00,84.79299999999999,85.18599999999999,84.75099999999999,84.80799999999999,2255
2026-07-28T05:00:00+00:00,84.80799999999999,85.57199999999999,84.60199999999999,85.323,6578
2026-07-28T06:00:00+00:00,85.323,85.50299999999999,83.43099999999998,83.67299999999999,9562
2026-07-28T07:00:00+00:00,83.67299999999999,84.386,83.30199999999999,83.53599999999999,10691
2026-07-28T08:00:00+00:00,83.53599999999999,83.58299999999998,82.422,82.95599999999999,16820
2026-07-28T09:00:00+00:00,82.95599999999999,84.011,82.95599999999999,83.47699999999999,8740
2026-07-28T10:00:00+00:00,83.47699999999999,84.451,83.442,84.05099999999999,6807
2026-07-28T11:00:00+00:00,84.05099999999999,84.907,83.612,84.71799999999999,8122
2026-07-28T12:00:00+00:00,84.71799999999999,84.73799999999999,83.53599999999999,83.716,9862
2026-07-28T13:00:00+00:00,83.716,84.75299999999999,83.60099999999998,84.50699999999999,12624
2026-07-28T14:00:00+00:00,84.50699999999999,84.96699999999998,83.782,84.30199999999999,11853
2026-07-28T15:00:00+00:00,84.30199999999999,84.33599999999998,81.073,81.12599999999999,28787
2026-07-28T16:00:00+00:00,81.12599999999999,81.58299999999998,80.112,81.12799999999999,19032
2026-07-28T17:00:00+00:00,81.12799999999999,82.246,80.698,82.02799999999999,16434
2026-07-28T18:00:00+00:00,82.02799999999999,82.03299999999999,81.17599999999999,81.636,13479
2026-07-28T19:00:00+00:00,81.636,81.64099999999999,81.17599999999999,81.442,4049
2026-07-28T20:00:00+00:00,81.442,81.573,81.25099999999999,81.371,4689
2026-07-29T00:00:00+00:00,81.371,85.339,81.371,85.11099999999999,7555.894113487714
2026-07-29T01:00:00+00:00,85.11099999999999,85.871,85.06899999999999,85.50999999999999,10437
2026-07-29T02:00:00+00:00,85.50999999999999,85.601,84.749,85.089,4690
2026-07-29T03:00:00+00:00,85.089,85.601,85.079,85.521,3006
2026-07-29T04:00:00+00:00,85.521,85.521,84.809,85,4197
2026-07-29T05:00:00+00:00,85,85.11099999999999,84.75,85.08999999999999,8399
2026-07-29T06:00:00+00:00,85.08999999999999,85.321,84.494,84.941,7025
2026-07-29T07:00:00+00:00,84.941,85.14399999999999,84.49,84.941,8336
2026-07-29T08:00:00+00:00,84.941,85.226,84.369,84.735,12546
2026-07-29T09:00:00+00:00,84.735,85.22600000000001,84.594,85.10100000000001,7360
2026-07-29T10:00:00+00:00,85.10100000000001,86.405,84.91900000000001,86.319,8886
2026-07-29T11:00:00+00:00,86.319,86.40400000000001,85.411,85.694,8306
2026-07-29T12:00:00+00:00,85.694,88.031,85.66000000000001,87.57400000000001,17835
2026-07-29T13:00:00+00:00,87.57400000000001,88.02600000000001,87.15400000000001,87.94500000000001,13124
2026-07-29T14:00:00+00:00,87.94500000000001,88.70400000000001,87.43100000000001,88.63000000000001,13300
2026-07-29T15:00:00+00:00,88.63000000000001,88.86600000000001,87.754,88.50600000000001,15300
2026-07-29T16:00:00+00:00,88.50600000000001,88.786,87.781,88.275,9776
2026-07-29T17:00:00+00:00,88.275,88.44600000000001,87.95400000000001,88.33900000000001,7788
2026-07-29T18:00:00+00:00,88.33900000000001,88.941,88.19000000000001,88.20100000000001,13534
2026-07-29T19:00:00+00:00,88.20100000000001,88.971,87.88400000000001,88.57000000000001,10460
2026-07-29T20:00:00+00:00,88.57000000000001,88.83600000000001,88.269,88.414,6536
2026-07-30T00:00:00+00:00,88.414,88.414,86.93100000000001,88.10000000000001,7435.946599080514
2026-07-30T01:00:00+00:00,88.10000000000001,88.10000000000001,87.24900000000001,87.441,10161
2026-07-30T02:00:00+00:00,87.441,87.44900000000001,86.974,87.19900000000001,6727
2026-07-30T03:00:00+00:00,87.19900000000001,87.49000000000001,87.02900000000001,87.36900000000001,4647
2026-07-30T04:00:00+00:00,87.36900000000001,88.171,87.35900000000001,88.02900000000001,2530
2026-07-30T05:00:00+00:00,88.02900000000001,89.811,87.94900000000001,89.80000000000001,12785
2026-07-30T06:00:00+00:00,89.80000000000001,91.12100000000001,89.74900000000001,90.74900000000001,13651
2026-07-30T07:00:00+00:00,90.74900000000001,90.74900000000001,89.641,89.941,12613
2026-07-30T08:00:00+00:00,89.941,90.24000000000001,89.093,89.403,12837
2026-07-30T09:00:00+00:00,89.403,89.51400000000001,88.16300000000001,89.028,10379
2026-07-30T10:00:00+00:00,89.028,89.18500000000002,87.34500000000001,87.91300000000001,9338
2026-07-30T11:00:00+00:00,87.91300000000001,88.21000000000001,87.33300000000001,87.46900000000001,8345
2026-07-30T12:00:00+00:00,87.46900000000001,88.19900000000001,87.364,88.183,9896
2026-07-30T13:00:00+00:00,88.183,88.194,86.56400000000001,87.27400000000002,15076
2026-07-30T14:00:00+00:00,87.27400000000002,87.894,87.019,87.638,14921
2026-07-30T15:00:00+00:00,87.638,88.19500000000001,86.90500000000002,87.42800000000001,13447
2026-07-30T16:00:00+00:00,87.42800000000001,87.739,86.84800000000001,87.39500000000001,6723
2026-07-30T17:00:00+00:00,87.39500000000001,87.69900000000001,86.733,87.00300000000001,7078
2026-07-30T18:00:00+00:00,87.00300000000001,87.49300000000001,86.61000000000001,86.995,8877
2026-07-30T19:00:00+00:00,86.995,87.09,86.60400000000001,86.88300000000001,3184
2026-07-30T20:00:00+00:00,86.88300000000001,87.34500000000001,86.75300000000001,87.275,2622
2026-07-31T00:00:00+00:00,87.275,87.28000000000002,84.59900000000002,84.61000000000001,2586.8996819890144
2026-07-31T01:00:00+00:00,84.61000000000001,84.61000000000001,83.41800000000002,83.73300000000002,9795
2026-07-31T02:00:00+00:00,83.73300000000002,83.73400000000002,82.79000000000002,83.56900000000002,5609
2026-07-31T03:00:00+00:00,83.56900000000002,83.72000000000001,83.38800000000002,83.54300000000002,2874
2026-07-31T04:00:00+00:00,83.54300000000002,83.60000000000002,82.76400000000002,82.77900000000002,3984
2026-07-31T05:00:00+00:00,82.77900000000002,83.13800000000002,82.34900000000002,82.83400000000002,7384
2026-07-31T06:00:00+00:00,82.83400000000002,83.42300000000002,82.76400000000002,83.22500000000002,8373
2026-07-31T07:00:00+00:00,83.22500000000002,83.94800000000002,83.20500000000001,83.44900000000001,9545
2026-07-31T08:00:00+00:00,83.44900000000001,84.07300000000002,83.16300000000003,83.74300000000002,13687
2026-07-31T09:00:00+00:00,83.74300000000002,85.17500000000003,83.72400000000002,85.09900000000002,11842
2026-07-31T10:00:00+00:00,85.09900000000002,85.60900000000002,85.09300000000002,85.43000000000002,8239
2026-07-31T11:00:00+00:00,85.43000000000002,86.31000000000002,85.30400000000002,86.06000000000002,13359
2026-07-31T12:00:00+00:00,86.06000000000002,86.72000000000001,85.81000000000002,86.37800000000001,10387
2026-07-31T13:00:00+00:00,86.37800000000001,86.59500000000001,85.93800000000002,86.24000000000002,15765
2026-07-31T14:00:00+00:00,86.24000000000002,86.45000000000002,85.57500000000002,86.29400000000003,11547
2026-07-31T15:00:00+00:00,86.29400000000003,86.47000000000001,84.80800000000002,84.93900000000002,14704
2026-07-31T16:00:00+00:00,84.93900000000002,85.56500000000003,84.93300000000002,85.51400000000002,10610
2026-07-31T17:00:00+00:00,85.51400000000002,85.96500000000002,85.41300000000003,85.68000000000002,10149
2026-07-31T18:00:00+00:00,85.68000000000002,86.20000000000002,85.46000000000002,85.64300000000001,10792
2026-07-31T19:00:00+00:00,85.64300000000001,86.13500000000002,85.59800000000001,85.91000000000003,3292
2026-07-31T20:00:00+00:00,85.91000000000003,85.96000000000002,85.53900000000002,85.65800000000002,3018
